time_stamp,sensor_index,humidity,temperature,pressure,pm2.5_atm,pm2.5_atm_a,pm2.5_atm_b,pm10.0_atm
1645660800,133001,34,56,965.51,40.1,41.2,39.1,49.9
1645747200,133001,28,58,964.97,30.9,31.1,30.6,37.7
1645833600,133001,14,56,970.97,1.3,1.2,1.3,1.5
1645920000,133001,23,53,972.36,4.3,4.4,4.3,4.8
1646092800,133001,31,47,974.91,19.3,20.3,18.3,21.8
1646179200,133001,28,54,968.31,34.2,35.2,33.1,40.8
1646265600,133001,32,58,961.6,35.7,36.3,35.0,42.8
1646352000,133001,42,54,959.99,43.6,44.7,42.4,54.2
1646438400,133001,36,50,962.53,32.7,34.4,31.1,38.8
1646524800,133001,29,49,963.0,29.0,30.4,27.7,33.4
1646611200,133001,28,52,963.66,33.9,35.2,32.6,40.8
1646697600,133001,36,47,968.11,37.4,39.6,35.1,46.1
1646784000,133001,30,53,969.35,46.2,47.5,45.0,58.2
1646870400,133001,27,58,970.13,45.9,46.9,44.8,58.3
1646956800,133001,38,53,971.94,38.6,40.0,37.1,47.3
1647043200,133001,38,49,973.02,28.6,30.3,27.0,33.1
1647129600,133001,37,51,972.36,40.8,42.7,38.9,50.7
1647216000,133001,41,52,978.54,35.0,36.2,33.8,42.4
1647302400,133001,47,56,979.01,42.1,42.9,41.3,52.1
1647388800,133001,49,57,971.65,42.6,43.0,42.2,50.6
1647475200,133001,56,57,973.45,57.0,57.3,56.7,64.1
1647561600,133001,41,59,978.24,49.4,49.2,49.5,58.9
1647648000,133001,29,60,979.02,32.8,33.1,32.6,37.8
1647734400,133001,23,57,980.78,27.3,27.8,26.9,31.0
1647820800,133001,24,58,980.92,34.2,34.8,33.5,40.6
1647907200,133001,21,60,979.96,39.4,40.0,38.8,48.2
1647993600,133001,16,65,976.92,29.8,30.1,29.6,35.6
1648080000,133001,12,70,972.81,18.0,17.5,18.5,19.6
1648166400,133001,14,68,971.19,22.0,21.7,22.2,24.1
1648252800,133001,12,69,972.9,22.6,22.2,22.9,24.8
1648339200,133001,16,68,974.44,38.9,38.6,39.1,47.5
1648425600,133001,14,71,970.14,35.0,34.7,35.3,41.6
1648512000,133001,24,66,960.01,36.9,36.7,37.2,43.8
1648598400,133001,56,56,951.37,36.7,37.2,36.1,42.9
1648771200,133001,44,58,939.37,1.4,1.3,1.5,1.6
1648857600,133001,50,49,948.14,13.6,14.1,13.1,15.4
1648944000,133001,36,53,960.1,11.0,10.8,11.2,11.7
1649030400,133001,44,53,963.74,28.8,29.0,28.6,31.9
1649116800,133001,31,64,959.16,28.9,28.7,29.1,33.4
1649203200,133001,37,63,956.21,30.4,29.9,31.0,34.8
1649289600,133001,31,68,951.24,17.3,17.1,17.4,20.1
1649376000,133001,26,73,949.17,0.8,0.7,0.9,1.0
1649462400,133001,13,67,952.08,4.6,4.7,4.6,5.0
1649548800,133001,17,63,964.23,0.8,0.7,0.8,0.9
1649635200,133001,25,64,966.89,1.2,1.1,1.2,1.4
1649721600,133001,26,67,966.16,3.6,3.4,3.8,4.1
1649808000,133001,24,70,965.89,15.6,15.3,15.9,17.2
1649894400,133001,23,74,966.77,17.3,17.1,17.5,19.4
1649980800,133001,21,78,966.07,16.0,15.8,16.2,17.7
1650067200,133001,24,76,964.64,12.5,12.3,12.7,13.7
1650153600,133001,28,66,965.61,1.6,1.6,1.6,1.9
1650240000,133001,23,68,961.52,5.5,5.6,5.4,6.0
1650326400,133001,32,69,956.89,14.5,14.6,14.4,15.7
1650412800,133001,53,58,959.29,28.0,28.4,27.5,31.5
1650499200,133001,48,58,956.29,22.0,22.5,21.6,23.9
1650585600,133001,46,63,949.84,13.8,14.1,13.6,15.4
1650672000,133001,57,60,950.58,11.4,11.5,11.4,12.7
1650758400,133001,50,61,951.82,3.0,3.0,3.0,3.2
1650844800,133001,43,68,956.82,12.7,12.7,12.7,13.6
1650931200,133001,44,68,960.47,9.9,9.8,10.1,10.8
1651017600,133001,37,71,965.1,10.2,10.1,10.3,11.1
1651104000,133001,28,74,969.62,7.5,7.5,7.5,8.2
1651190400,133001,30,71,970.49,12.4,12.4,12.4,13.3
1651363200,133001,29,72,962.92,8.3,8.4,8.3,8.9
1651449600,133001,33,72,961.36,11.4,11.3,11.5,12.0
1651536000,133001,45,67,962.86,13.2,13.0,13.4,14.2
1651622400,133001,50,68,964.79,13.3,13.1,13.4,14.2
1651708800,133001,61,61,966.4,9.3,9.1,9.5,10.0
1651795200,133001,62,61,967.3,1.0,1.0,1.0,1.1
1651881600,133001,52,68,966.38,5.6,5.5,5.7,6.1
1651968000,133001,55,67,967.74,4.2,4.1,4.4,4.6
1652054400,133001,40,74,970.18,5.2,5.1,5.3,5.7
1652140800,133001,34,79,968.64,12.9,12.9,12.9,13.8
1652227200,133001,35,80,967.3,13.6,13.6,13.7,14.6
1652313600,133001,42,79,967.56,16.8,16.4,17.1,17.9
1652400000,133001,43,80,966.21,17.2,17.0,17.5,18.4
1652486400,133001,38,82,965.97,14.1,13.9,14.3,14.9
1652572800,133001,38,82,965.88,12.2,12.1,12.3,13.3
1652659200,133001,39,82,966.3,15.0,14.8,15.1,16.1
1652745600,133001,34,85,965.8,9.3,9.2,9.5,10.1
1652832000,133001,33,87,968.42,10.2,10.1,10.4,11.2
1652918400,133001,30,84,973.43,4.5,4.5,4.5,4.8
1653004800,133001,33,85,971.87,10.9,10.8,10.9,11.5
1653091200,133001,39,86,965.47,15.4,15.3,15.6,16.4
1653177600,133001,45,83,960.41,19.1,19.1,19.1,20.1
1653264000,133001,47,80,955.66,13.4,13.3,13.4,14.3
1653350400,133001,40,80,954.56,6.3,6.3,6.3,6.8
1653436800,133001,56,73,961.76,14.2,14.6,13.7,15.3
1653523200,133001,46,81,967.75,14.0,14.5,13.5,15.1
1653609600,133001,36,86,964.56,12.4,12.7,12.1,13.3
1653696000,133001,31,86,956.01,5.1,5.3,5.0,5.6
1653782400,133001,48,67,955.56,4.9,5.2,4.5,5.2
1653868800,133001,46,68,958.45,8.5,9.0,8.1,9.1
1654041600,133001,40,79,963.48,23.9,24.8,23.0,26.5
1654128000,133001,38,84,964.78,16.4,17.1,15.7,17.4
1654214400,133001,54,77,966.51,31.4,32.4,30.5,36.9
1654300800,133001,46,82,966.4,25.7,26.5,25.0,27.9
1654387200,133001,42,85,962.95,14.6,15.1,14.2,15.9
1654473600,133001,39,86,962.99,6.8,6.8,6.7,7.6
1654560000,133001,38,83,959.61,5.9,5.9,5.8,6.2
1654646400,133001,43,79,957.27,8.4,8.4,8.3,9.0
1654732800,133001,26,83,957.62,5.6,5.6,5.6,6.1
1654819200,133001,17,85,964.68,0.0,0.0,0.0,0.0
1654905600,133001,19,88,967.11,0.0,0.0,0.0,0.0
1654992000,133001,23,90,967.19,2.2,2.1,2.3,2.6
1655078400,133001,27,91,963.19,3.1,3.0,3.1,3.3
1655164800,133001,32,89,965.36,18.7,19.0,18.3,19.4
1655251200,133001,37,87,966.44,20.8,21.3,20.3,21.7
1655337600,133001,33,93,965.19,26.4,26.9,25.8,28.3
1655424000,133001,29,94,967.1,20.8,21.3,20.3,21.7
1655510400,133001,31,92,968.01,18.1,18.6,17.7,19.2
1655596800,133001,30,91,963.93,16.8,17.4,16.1,17.8
1655683200,133001,28,91,960.65,9.4,9.9,9.0,10.1
1655769600,133001,40,89,960.66,14.8,15.7,14.0,15.9
1655856000,133001,55,80,960.86,18.5,19.1,17.9,19.7
1655942400,133001,54,81,961.26,23.0,23.2,22.8,25.6
1656028800,133001,48,80,959.11,8.0,8.0,8.1,8.9
1656115200,133001,41,83,961.39,2.4,2.5,2.3,2.7
1656201600,133001,40,87,963.19,2.7,2.8,2.6,3.0
1656288000,133001,34,90,963.36,6.6,6.8,6.3,7.2
1656374400,133001,51,78,962.63,5.2,5.3,5.1,5.8
1656460800,133001,39,86,960.17,1.2,1.3,1.2,1.6
1656633600,133001,36,87,961.84,3.2,3.3,3.1,3.4
1656720000,133001,33,91,966.53,7.8,7.9,7.7,8.2
1656806400,133001,29,94,965.58,10.8,11.1,10.5,11.4
1656892800,133001,39,89,964.6,7.5,7.7,7.3,8.0
1656979200,133001,32,91,963.37,6.3,6.5,6.1,6.8
1657065600,133001,31,91,965.27,3.2,3.4,3.0,3.4
1657152000,133001,34,89,964.52,6.4,6.6,6.2,6.7
1657238400,133001,26,89,968.09,1.5,1.6,1.5,1.7
1657324800,133001,28,89,967.97,1.0,1.1,0.9,1.2
1657411200,133001,27,90,964.49,2.3,2.3,2.2,2.5
1657497600,133001,29,90,965.22,2.4,2.5,2.3,2.6
1657584000,133001,34,89,967.7,4.6,4.7,4.5,4.9
1657670400,133001,36,88,970.18,7.6,7.8,7.5,8.1
1657756800,133001,33,91,966.95,13.7,14.0,13.4,14.3
1657843200,133001,32,94,961.99,14.6,14.8,14.4,15.1
1657929600,133001,32,94,964.13,9.8,10.0,9.6,10.4
1658016000,133001,37,91,968.25,15.4,15.9,14.9,16.1
1658102400,133001,31,94,969.06,15.8,16.1,15.4,16.6
1658188800,133001,27,95,968.19,13.6,14.1,13.1,14.3
1658275200,133001,26,95,966.91,13.1,13.6,12.6,13.9
1658361600,133001,25,97,965.04,17.8,18.2,17.4,18.6
1658448000,133001,25,98,964.53,18.9,19.4,18.4,19.7
1658534400,133001,31,94,963.92,16.3,16.8,15.9,17.2
1658620800,133001,38,94,964.55,22.3,22.7,21.9,23.2
1658707200,133001,37,94,962.16,19.2,19.5,18.9,20.2
1658793600,133001,43,89,959.48,17.6,17.8,17.4,18.8
1658966400,133001,37,90,962.1,7.6,7.9,7.3,8.1
1659052800,133001,50,81,963.3,7.3,7.5,7.1,7.8
1659139200,133001,37,87,963.72,5.2,5.2,5.1,5.6
1659312000,133001,23,94,962.72,1.6,1.7,1.6,1.8
1659398400,133001,27,92,964.18,2.7,2.8,2.7,2.9
1659484800,133001,28,93,965.05,3.4,3.4,3.3,3.5
1659571200,133001,29,95,964.16,7.0,7.2,6.8,7.4
1659657600,133001,31,94,962.83,7.3,7.5,7.0,7.6
1659744000,133001,26,95,962.86,1.9,1.9,1.8,2.0
1659830400,133001,43,85,964.98,3.5,3.6,3.4,3.7
1659916800,133001,32,88,965.15,0.3,0.3,0.2,0.3
1660003200,133001,33,91,967.09,7.5,7.6,7.3,8.0
1660089600,133001,30,90,967.11,6.9,7.0,6.7,7.3
1660176000,133001,33,88,965.8,4.7,4.9,4.5,5.0
1660262400,133001,30,88,962.07,4.1,4.3,4.0,4.4
1660348800,133001,30,85,962.19,0.7,0.8,0.6,0.8
1660435200,133001,35,82,958.88,5.3,5.5,5.1,5.7
1660521600,133001,35,86,955.96,8.0,8.3,7.7,8.5
1660608000,133001,38,87,959.14,5.6,5.9,5.4,6.0
1660694400,133001,51,79,961.5,11.4,11.8,11.0,12.3
1660780800,133001,58,74,959.61,2.2,2.3,2.2,2.5
1660867200,133001,39,83,959.29,0.0,0.0,0.0,0.0
1660953600,133001,27,90,961.04,0.3,0.3,0.2,0.3
1661040000,133001,24,90,959.51,0.0,0.0,0.0,0.0
1661126400,133001,27,91,958.05,0.2,0.2,0.2,0.3
1661212800,133001,23,91,961.02,0.2,0.2,0.2,0.3
1661299200,133001,29,89,964.05,0.6,0.7,0.6,0.8
1661385600,133001,30,91,962.78,2.4,2.5,2.4,2.6
1661472000,133001,38,85,960.3,4.6,4.7,4.5,4.8
1661558400,133001,38,87,959.27,6.1,6.1,6.0,6.4
1661644800,133001,43,86,961.98,7.6,7.5,7.6,8.1
1661731200,133001,44,87,964.84,9.1,9.1,9.1,9.5
1661817600,133001,54,80,965.41,9.2,9.0,9.4,9.8
1661990400,133001,47,82,961.63,14.4,14.0,14.8,16.0
1662076800,133001,51,77,963.27,3.7,3.5,3.9,4.0
1662163200,133001,49,78,963.66,12.5,12.1,12.9,13.3
1662249600,133001,43,82,967.56,12.2,11.9,12.4,12.9
1662336000,133001,41,85,969.53,10.1,9.9,10.3,10.7
1662422400,133001,38,87,966.4,12.0,11.8,12.1,12.7
1662508800,133001,48,81,963.42,4.9,4.7,5.1,5.2
1662595200,133001,49,81,959.39,8.0,7.7,8.4,8.6
1662681600,133001,38,84,959.81,2.6,2.5,2.7,2.9
1662768000,133001,36,82,961.58,5.1,4.9,5.3,5.6
1662854400,133001,29,83,963.13,0.9,0.9,0.9,1.1
1662940800,133001,32,84,963.27,1.4,1.4,1.4,1.6
1663027200,133001,37,83,961.84,3.2,3.2,3.3,3.5
1663113600,133001,51,78,959.28,13.2,13.0,13.3,14.5
1663200000,133001,38,86,955.08,8.5,8.3,8.8,9.1
1663286400,133001,26,87,952.16,0.2,0.2,0.2,0.3
1663372800,133001,16,78,955.79,0.0,0.0,0.0,0.0
1663459200,133001,21,76,961.72,0.1,0.1,0.1,0.1
1663545600,133001,28,77,960.64,0.0,0.0,0.1,0.1
1663632000,133001,25,76,964.18,0.1,0.1,0.1,0.1
1663718400,133001,45,66,968.26,4.5,4.4,4.6,4.9
1663804800,133001,32,72,967.84,1.5,1.5,1.6,1.7
1663891200,133001,32,72,966.52,5.4,5.3,5.4,6.0
1663977600,133001,57,63,963.34,24.5,24.0,25.1,28.2
1664064000,133001,53,66,959.48,22.0,21.2,22.8,25.3
1664150400,133001,44,70,953.9,16.0,15.5,16.5,17.7
1664236800,133001,29,74,948.03,2.7,2.5,3.0,3.0
1664323200,133001,37,69,947.67,7.0,6.7,7.4,7.8
1664409600,133001,46,68,946.99,21.0,20.2,21.8,23.4
1664582400,133001,52,67,963.99,5.5,5.1,5.9,6.2
1664668800,133001,47,73,966.25,2.5,2.4,2.7,2.9
1664755200,133001,38,77,966.58,1.5,1.4,1.6,1.7
1664841600,133001,51,72,969.98,37.6,37.2,37.9,45.7
1664928000,133001,50,72,973.97,36.6,36.2,37.1,43.8
1665014400,133001,47,75,974.84,41.9,41.4,42.3,51.4
1665100800,133001,45,74,971.88,45.3,44.7,45.8,55.7
1665187200,133001,46,73,967.11,35.8,35.1,36.5,42.9
1665273600,133001,64,66,968.14,22.2,21.4,23.0,25.2
1665360000,133001,64,64,968.8,20.3,19.2,21.4,21.8
1665446400,133001,53,68,969.11,13.4,12.7,14.1,14.6
1665705600,133001,57,67,964.05,49.3,47.4,51.2,61.6
1665792000,133001,51,71,964.63,47.1,45.7,48.4,58.8
1665878400,133001,49,73,970.82,42.5,41.6,43.4,52.8
1665964800,133001,53,72,976.24,50.4,49.0,51.8,62.5
1666051200,133001,50,73,973.8,50.3,49.1,51.6,63.0
1666137600,133001,50,74,969.45,46.2,45.3,47.1,58.4
1666224000,133001,54,71,969.23,47.1,46.1,48.2,59.4
1666310400,133001,61,68,965.23,56.5,54.5,58.4,66.4
1666396800,133001,58,70,965.19,27.7,26.1,29.2,30.7
1666483200,133001,60,69,968.82,32.4,31.1,33.8,37.7
1666569600,133001,61,70,965.42,37.9,36.7,39.1,46.9
1666656000,133001,55,71,967.29,26.3,25.0,27.6,29.7
1666742400,133001,56,71,970.47,36.9,35.6,38.2,45.1
1666828800,133001,54,71,974.95,35.0,33.9,36.1,42.3
1666915200,133001,51,72,975.42,33.1,32.2,34.1,39.2
1667001600,133001,42,74,973.23,21.8,21.2,22.4,24.9
1667088000,133001,41,74,970.61,16.5,16.3,16.7,18.4
1667260800,133001,59,64,970.22,24.8,23.6,26.1,27.9
1667347200,133001,60,63,970.65,37.9,36.5,39.4,44.6
1667433600,133001,58,63,964.68,27.3,26.3,28.4,32.0
1667520000,133001,50,61,952.89,4.5,4.2,4.8,5.0
1667606400,133001,29,64,960.26,0.4,0.3,0.4,0.4
1667692800,133001,34,61,964.72,7.7,7.5,7.9,8.7
1667779200,133001,40,61,967.35,22.6,22.1,23.1,25.7
1667865600,133001,44,60,967.96,32.8,32.1,33.5,37.7
1667952000,133001,48,62,966.66,39.5,38.9,40.1,47.4
1668038400,133001,56,62,972.74,29.5,28.8,30.3,34.8
1668124800,133001,60,60,980.21,43.6,42.6,44.5,53.3
1668211200,133001,49,62,976.22,29.7,29.0,30.3,33.9
1668297600,133001,49,60,971.47,23.0,22.4,23.6,25.4
1668384000,133001,58,56,969.32,31.1,30.7,31.5,36.3
1668470400,133001,61,55,962.84,34.0,33.8,34.3,40.7
1668556800,133001,57,56,952.39,30.7,30.3,31.1,37.1
1668643200,133001,57,57,949.99,38.7,38.3,39.1,47.5
1668729600,133001,39,61,949.48,18.3,18.1,18.4,21.9
1668816000,133001,32,58,953.97,11.5,11.4,11.7,12.9
1668902400,133001,29,57,957.69,9.0,8.8,9.2,10.2
1668988800,133001,38,54,953.42,20.5,20.8,20.2,23.7
1669075200,133001,45,54,944.28,10.4,10.5,10.3,11.6
1669161600,133001,28,58,950.98,14.6,14.8,14.5,16.3
1669248000,133001,28,60,960.61,10.0,9.8,10.1,11.4
1669334400,133001,43,56,965.6,41.7,41.9,41.5,49.9
1669420800,133001,39,57,972.37,38.2,38.6,37.8,44.2
1669507200,133001,41,55,972.67,33.3,33.7,32.9,39.0
1669593600,133001,52,50,964.93,42.4,43.7,41.1,51.4
1669680000,133001,55,49,963.33,32.9,33.9,31.8,38.7
1669852800,133001,47,52,964.46,27.1,27.6,26.7,31.3
1669939200,133001,50,50,964.53,34.7,35.7,33.6,41.3
1670025600,133001,60,48,963.49,21.2,21.8,20.7,24.7
1670112000,133001,60,51,960.96,13.4,13.3,13.5,14.6
1670198400,133001,56,53,963.92,14.9,14.9,14.8,17.0
1670284800,133001,52,51,962.36,32.0,32.6,31.4,36.5
1670371200,133001,53,49,959.56,51.1,52.9,49.3,62.7
1670457600,133001,50,49,957.39,36.2,37.5,35.0,43.6
1670544000,133001,57,46,950.87,31.6,32.9,30.4,37.3
1670630400,133001,54,46,946.48,24.0,25.1,22.9,27.9
1670716800,133001,32,49,948.97,10.3,10.8,9.8,11.5
1670803200,133001,45,41,955.29,27.5,29.2,25.9,33.5
1670889600,133001,51,42,956.7,28.8,30.3,27.2,33.7
1670976000,133001,46,44,952.8,29.1,30.8,27.5,34.2
1671062400,133001,50,42,952.49,21.8,23.0,20.6,25.3
1671148800,133001,54,46,952.03,8.5,8.7,8.2,9.2
1671235200,133001,48,52,964.2,15.5,15.8,15.2,17.6
1671321600,133001,55,48,977.6,36.3,37.7,34.9,44.1
1671408000,133001,54,46,978.66,35.0,36.5,33.5,42.6
1671494400,133001,49,47,973.67,25.9,27.0,24.8,30.3
1671580800,133001,47,51,966.99,22.2,22.8,21.6,25.5
1671667200,133001,52,51,963.56,27.9,28.5,27.2,32.9
1671753600,133001,58,52,962.18,39.1,40.0,38.2,48.7
1671840000,133001,61,54,964.34,29.4,29.4,29.4,33.9
1671926400,133001,61,54,970.63,37.3,37.4,37.2,45.2
1672012800,133001,55,56,971.5,30.3,30.1,30.4,34.9
1672099200,133001,55,55,971.83,25.1,24.9,25.3,28.3
1672185600,133001,55,53,971.87,35.8,36.2,35.5,43.1
1672272000,133001,50,51,968.25,28.5,28.9,28.0,32.7
1672358400,133001,52,51,968.56,40.8,41.7,39.9,49.3
1672531200,133001,58,54,977.0,33.0,33.1,33.0,39.0
1672617600,133001,61,56,975.6,36.1,35.8,36.5,43.2
1672704000,133001,60,57,975.6,42.8,42.3,43.3,52.8
1672790400,133001,59,55,975.7,37.7,37.6,37.7,45.8
1672876800,133001,52,57,969.73,23.4,23.1,23.6,26.8
1672963200,133001,59,52,971.23,32.5,33.0,31.9,38.1
1673049600,133001,61,50,969.56,34.9,35.9,34.0,43.4
1673136000,133001,61,51,961.05,27.6,28.1,27.1,31.6
1673222400,133001,45,52,953.1,10.0,10.0,9.9,11.2
1673308800,133001,21,57,965.03,2.9,2.9,2.9,3.3
1673395200,133001,29,53,966.44,21.2,21.9,20.5,24.1
1673481600,133001,34,53,968.16,28.0,28.8,27.2,32.1
1673568000,133001,39,52,965.32,35.5,36.7,34.3,42.3
1673654400,133001,36,54,967.49,29.7,30.5,28.8,35.6
1673740800,133001,49,51,960.07,46.5,48.0,45.0,57.6
1673827200,133001,54,45,942.54,41.8,44.0,39.7,53.3
1673913600,133001,54,45,936.97,34.6,36.3,33.0,42.7
1674000000,133001,56,42,941.2,37.5,39.5,35.5,47.3
1674086400,133001,39,45,949.7,15.4,16.5,14.3,17.6
1674172800,133001,34,45,955.87,23.2,24.9,21.5,26.1
1674259200,133001,19,47,958.24,4.0,4.2,3.8,4.5
1674345600,133001,27,47,963.35,9.1,9.9,8.3,10.2
1674432000,133001,39,47,965.91,13.5,14.5,12.5,15.3
1674518400,133001,50,51,974.54,14.1,14.6,13.5,15.3
1674604800,133001,49,50,970.58,18.5,19.3,17.8,21.3
1674691200,133001,50,48,960.83,39.1,40.9,37.3,48.2
1674777600,133001,48,45,959.92,39.9,42.2,37.5,49.1
1674864000,133001,41,48,965.19,45.3,47.7,42.9,56.1
1674950400,133001,36,48,970.05,35.7,37.6,33.8,43.5
1675036800,133001,37,49,964.58,31.6,33.1,30.1,37.9
1675209600,133001,34,57,967.07,35.5,36.9,34.1,40.3
1675296000,133001,33,60,968.65,26.1,26.7,25.4,30.6
1675382400,133001,29,62,970.38,31.5,31.8,31.2,36.1
1675468800,133001,24,67,968.92,10.8,10.9,10.8,12.2
1675555200,133001,42,53,976.26,25.2,26.6,23.8,29.8
1675641600,133001,43,48,977.82,15.7,16.6,14.7,16.9
1675728000,133001,33,47,980.88,15.1,16.1,14.1,16.6
1675814400,133001,29,46,981.11,26.3,28.0,24.7,30.0
1675900800,133001,31,42,981.74,25.3,27.5,23.2,29.1
1675987200,133001,25,47,981.23,29.8,31.8,27.7,34.3
1676073600,133001,22,51,979.87,32.3,34.0,30.7,37.9
1676160000,133001,23,58,978.56,35.6,37.0,34.1,42.0
1676246400,133001,31,56,982.28,44.5,46.6,42.4,55.7
1676332800,133001,31,59,978.93,43.3,44.8,41.9,54.5
1676419200,133001,28,63,974.96,41.8,42.7,40.9,52.3
1676505600,133001,36,59,974.31,36.8,37.8,35.9,44.7
1676592000,133001,41,59,975.06,41.6,42.5,40.8,48.4
1676678400,133001,42,60,973.12,29.9,30.4,29.4,32.8
1676764800,133001,44,61,968.94,33.2,33.2,33.3,38.5
1676851200,133001,52,57,972.03,45.2,45.6,44.7,54.4
1676937600,133001,52,58,967.32,48.5,49.2,47.9,58.8
1677024000,133001,51,58,963.89,47.7,47.8,47.7,58.8
1677110400,133001,47,61,961.8,39.7,39.8,39.6,48.3
1677196800,133001,52,58,957.89,32.9,33.0,32.9,38.4
1677283200,133001,52,57,948.27,39.8,40.3,39.2,47.9
1677369600,133001,53,47,949.94,20.4,21.3,19.4,23.4
1677456000,133001,53,45,963.6,13.1,14.4,11.8,14.8
1677628800,133001,45,49,963.78,30.0,32.1,28.0,35.5
1677715200,133001,52,51,964.05,13.6,14.2,12.9,15.1
1677801600,133001,40,59,962.94,13.8,13.9,13.6,15.2
1677888000,133001,36,62,962.48,25.1,25.5,24.7,27.8
1677974400,133001,37,61,957.06,23.8,24.2,23.3,26.4
1678060800,133001,47,56,952.32,35.8,36.7,34.8,42.1
1678147200,133001,44,58,950.47,33.4,34.3,32.6,39.4
1678233600,133001,44,58,952.01,19.7,19.9,19.5,22.2
1678320000,133001,41,64,951.48,26.2,26.3,26.1,29.5
1678406400,133001,35,64,947.52,9.5,9.5,9.5,10.4
1678492800,133001,27,71,948.06,0.1,0.1,0.1,0.1
1678579200,133001,36,66,959.74,14.4,14.3,14.6,16.3
1678665600,133001,50,59,962.42,28.3,27.9,28.7,32.0
1678752000,133001,42,61,951.15,6.3,6.1,6.5,6.7
1678838400,133001,17,62,959.12,1.3,1.3,1.3,1.5
1678924800,133001,23,61,966.36,11.7,11.8,11.7,13.2
1679011200,133001,29,60,967.55,21.5,21.7,21.2,23.6
1679097600,133001,31,63,964.5,27.0,27.2,26.9,31.3
1679184000,133001,39,64,965.56,11.0,10.8,11.2,11.9
1679270400,133001,39,65,965.63,38.4,38.2,38.6,46.0
1679356800,133001,38,66,963.99,42.9,42.7,43.1,52.7
1679443200,133001,34,70,962.41,41.3,41.1,41.5,50.5
1679529600,133001,39,68,962.23,30.1,29.8,30.4,34.6
1679616000,133001,52,62,961.21,20.2,19.5,20.9,21.4
1679702400,133001,23,70,959.39,3.1,3.0,3.3,3.5
1679788800,133001,27,65,953.98,1.0,1.0,1.1,1.2
1679875200,133001,16,67,957.47,0.6,0.6,0.6,0.7
1679961600,133001,18,62,969.07,1.0,0.9,1.1,1.2
1680048000,133001,33,64,969.09,4.2,4.1,4.4,4.6
1680134400,133001,48,62,966.87,5.3,5.0,5.6,5.8
1680307200,133001,18,71,952.76,0.0,0.0,0.0,0.0
1680393600,133001,22,70,957.34,0.2,0.2,0.2,0.3
1680480000,133001,22,69,958.84,0.2,0.2,0.2,0.2
1680566400,133001,28,58,961.25,2.7,2.7,2.6,3.0
1680652800,133001,24,59,963.29,13.1,13.2,13.1,14.2
1680739200,133001,24,60,964.27,23.8,24.0,23.7,25.9
1680825600,133001,37,60,961.84,17.2,17.5,16.9,19.6
1680912000,133001,29,66,963.19,6.4,6.4,6.5,7.1
1680998400,133001,33,66,966.37,22.1,21.8,22.3,23.5
1681084800,133001,30,66,968.58,22.9,22.7,23.2,24.8
1681171200,133001,36,67,961.83,18.0,17.8,18.1,19.2
1681257600,133001,52,61,955.55,26.5,25.9,27.0,30.5
1681344000,133001,38,59,949.68,13.3,13.2,13.5,16.0
1681430400,133001,16,66,950.91,0.0,0.0,0.0,0.0
1681516800,133001,27,66,952.88,0.5,0.5,0.5,0.6
1681603200,133001,28,71,959.32,8.8,8.6,9.1,9.7
1681689600,133001,25,70,961.39,0.6,0.5,0.7,0.8
1681776000,133001,24,71,962.25,0.4,0.3,0.5,0.5
1681862400,133001,25,74,960.01,5.3,5.2,5.4,6.0
1681948800,133001,52,61,957.28,19.5,19.2,19.9,20.9
1682035200,133001,57,59,961.68,9.3,9.0,9.6,10.2
1682121600,133001,43,68,961.8,21.8,21.3,22.2,23.1
1682208000,133001,42,71,957.78,18.9,18.4,19.4,20.2
1682294400,133001,30,72,954.33,5.5,5.2,5.8,6.0
1682380800,133001,25,72,955.8,1.0,0.9,1.1,1.2
1682467200,133001,26,71,960.72,0.6,0.5,0.6,0.6
1682553600,133001,28,72,964.02,1.8,1.6,1.9,2.1
1682640000,133001,36,73,964.56,8.6,8.2,9.0,9.5
1682726400,133001,43,73,961.38,24.9,24.2,25.6,26.8
1682899200,133001,61,59,962.38,4.2,3.9,4.5,4.5
1682985600,133001,43,71,963.6,0.4,0.4,0.5,0.5
1683072000,133001,38,73,967.37,0.1,0.1,0.2,0.2
1683158400,133001,36,74,967.72,3.8,3.5,4.1,4.0
1683244800,133001,34,78,965.75,11.2,10.5,11.8,11.7
1683331200,133001,37,80,962.94,15.6,14.7,16.6,16.4
1683417600,133001,50,72,963.97,12.9,12.0,13.8,13.9
1683504000,133001,44,75,965.48,7.1,6.4,7.8,7.5
1683590400,133001,54,70,962.84,31.4,30.5,32.4,36.2
1683676800,133001,57,64,959.22,5.7,5.1,6.4,6.3
1683763200,133001,45,69,957.68,7.1,6.6,7.5,7.6
1683849600,133001,58,61,960.26,2.9,2.3,3.6,3.2
1683936000,133001,48,66,963.41,0.8,0.6,1.0,0.9
1684022400,133001,48,66,959.59,2.1,1.7,2.6,2.3
1684108800,133001,41,71,955.94,5.7,5.0,6.3,6.0
1684195200,133001,37,72,953.52,1.1,1.0,1.3,1.3
1684281600,133001,51,64,960.49,1.3,1.1,1.5,1.5
1684368000,133001,52,65,965.0,3.5,3.1,3.9,3.8
1684454400,133001,62,61,965.32,4.4,3.9,4.9,4.8
1684540800,133001,65,60,962.94,0.7,0.6,0.8,0.8
1684627200,133001,56,67,961.97,10.8,9.7,11.8,11.6
1684713600,133001,40,76,962.23,15.3,14.2,16.4,16.2
1684800000,133001,34,82,961.16,16.1,15.2,17.1,17.0
1684886400,133001,44,77,960.96,12.8,11.9,13.7,13.8
1684972800,133001,58,68,966.28,11.6,11.0,12.2,12.4
1685059200,133001,34,80,966.52,1.8,1.5,2.0,2.1
1685145600,133001,42,80,965.3,17.8,17.2,18.4,18.9
1685232000,133001,46,78,962.89,16.8,16.2,17.3,18.2
1685318400,133001,49,73,963.49,6.7,6.3,7.0,7.4
1685404800,133001,40,80,963.35,13.1,12.5,13.8,14.1
1685577600,133001,39,79,963.71,15.6,15.2,15.9,16.6
1685664000,133001,37,81,960.98,14.5,14.3,14.7,15.5
1685750400,133001,49,74,962.96,17.7,17.5,17.8,19.1
1685836800,133001,52,72,964.28,8.1,7.9,8.3,9.0
1685923200,133001,49,75,963.48,11.5,11.4,11.7,12.6
1686009600,133001,46,77,963.06,18.4,18.4,18.5,19.5
1686096000,133001,47,76,963.94,6.6,6.4,6.8,7.2
1686182400,133001,49,77,961.84,20.7,20.5,21.0,22.7
1686268800,133001,55,76,960.59,26.1,25.9,26.2,28.7
1686355200,133001,55,76,959.97,11.8,11.5,12.0,12.7
1686441600,133001,46,82,960.37,12.3,11.8,12.8,13.1
1686528000,133001,51,78,960.5,6.7,6.4,7.0,7.2
1686614400,133001,57,73,958.49,10.3,9.8,10.7,11.2
1686700800,133001,56,74,959.45,12.5,12.1,12.9,13.5
1686787200,133001,43,81,961.95,12.0,11.5,12.5,12.7
1686873600,133001,35,84,962.29,12.2,11.5,12.9,12.9
1686960000,133001,35,84,962.54,26.9,26.2,27.6,28.5
1687046400,133001,44,82,963.81,25.7,25.2,26.1,27.4
1687132800,133001,44,85,964.54,18.7,18.3,19.1,19.6
1687219200,133001,36,83,965.99,8.9,8.6,9.2,9.5
1687305600,133001,33,87,966.75,10.0,9.7,10.3,10.9
1687392000,133001,33,88,965.73,7.7,7.3,8.1,8.3
1687478400,133001,30,89,964.11,3.1,2.9,3.3,3.4
1687564800,133001,24,89,966.07,4.6,4.4,4.8,5.1
1687651200,133001,33,88,964.96,3.0,2.7,3.3,3.3
1687737600,133001,32,92,963.66,6.6,6.1,7.0,7.0
1687824000,133001,37,91,960.67,17.2,16.6,17.9,18.0
1687910400,133001,39,87,962.16,16.9,16.3,17.5,18.0
1687996800,133001,48,76,964.62,9.1,8.8,9.4,9.7
1688169600,133001,48,80,957.05,14.6,14.2,15.0,16.0
1688256000,133001,42,86,958.24,5.3,5.0,5.6,5.7
1688342400,133001,45,85,959.91,3.8,3.5,4.1,4.1
1688428800,133001,47,83,962.22,9.8,9.2,10.3,10.6
1688515200,133001,45,83,962.15,8.7,8.5,9.0,9.5
1688601600,133001,48,81,964.29,6.5,6.1,6.8,7.1
1688688000,133001,40,85,968.71,5.0,4.7,5.2,5.4
1688774400,133001,39,87,969.13,5.3,5.2,5.4,5.8
1688860800,133001,37,92,969.08,10.3,10.1,10.5,11.1
1688947200,133001,36,95,968.17,15.5,15.2,15.9,16.4
1689033600,133001,36,95,965.07,16.2,15.7,16.6,16.9
1689120000,133001,54,82,963.32,14.9,14.5,15.3,15.9
1689206400,133001,47,86,962.86,5.0,4.6,5.3,5.3
1689292800,133001,53,82,965.36,12.0,11.4,12.7,13.1
1689379200,133001,44,88,964.53,15.0,14.5,15.6,16.1
1689465600,133001,41,91,964.03,12.6,12.0,13.2,13.8
1689552000,133001,41,93,965.35,12.3,11.8,12.9,13.6
1689638400,133001,47,91,965.3,20.2,19.7,20.6,21.0
1689724800,133001,46,93,959.96,22.6,22.1,23.2,23.8
1689811200,133001,38,93,958.14,10.2,9.8,10.7,10.9
1689897600,133001,48,86,957.19,11.2,10.5,12.0,12.2
1689984000,133001,46,86,961.49,8.4,8.0,8.8,9.0
1690070400,133001,43,88,963.29,15.7,15.4,16.1,16.6
1690156800,133001,51,81,958.66,16.5,16.1,16.9,18.2
1690243200,133001,35,86,951.38,10.9,10.6,11.2,11.8
1690329600,133001,21,85,957.97,0.0,0.0,0.0,0.0
1690416000,133001,32,82,962.67,0.0,0.0,0.1,0.1
1690502400,133001,37,85,961.53,1.8,1.6,2.0,2.1
1690588800,133001,44,85,961.55,5.7,5.4,6.0,6.0
1690675200,133001,47,85,960.94,10.3,10.0,10.7,10.8
1690848000,133001,46,85,953.87,15.2,14.7,15.7,16.0
1690934400,133001,44,86,954.67,10.7,10.1,11.3,11.7
1691020800,133001,45,86,953.18,6.6,6.2,7.0,7.2
1691107200,133001,43,80,955.4,0.6,0.5,0.6,0.8
1691193600,133001,30,85,954.92,0.3,0.2,0.3,0.3
1691280000,133001,19,85,955.6,0.0,0.0,0.0,0.0
1691366400,133001,19,82,961.73,0.0,0.0,0.0,0.0
1691452800,133001,22,82,964.31,0.0,0.0,0.0,0.0
1691539200,133001,27,85,963.86,0.0,0.0,0.0,0.0
1691625600,133001,32,86,966.33,9.3,9.2,9.4,10.0
1691712000,133001,38,88,969.56,6.3,6.1,6.5,6.6
1691798400,133001,38,90,968.57,12.0,11.2,12.8,12.7
1691884800,133001,40,90,966.97,16.7,16.0,17.5,17.2
1691971200,133001,44,88,966.68,11.1,10.4,11.8,11.6
1692057600,133001,39,91,965.76,13.0,12.5,13.5,13.6
1692144000,133001,39,91,965.95,15.8,15.2,16.5,16.4
1692230400,133001,43,87,964.99,14.1,13.4,14.8,14.8
1692316800,133001,37,91,964.73,7.5,7.3,7.7,8.1
1692403200,133001,37,94,965.8,19.0,18.3,19.8,20.0
1692489600,133001,38,95,968.0,25.0,24.0,26.0,25.9
1692576000,133001,32,97,968.87,16.9,16.4,17.3,17.7
1692662400,133001,30,98,966.75,17.3,16.9,17.7,18.0
1692748800,133001,31,99,964.92,19.3,18.8,19.7,20.1
1692835200,133001,33,98,964.35,87.3,18.0,156.6,88.1
1692921600,133001,34,96,961.13,17.9,16.7,19.1,18.7
1693008000,133001,50,85,959.41,12.3,10.8,13.8,13.0
1693094400,133001,60,76,955.37,6.8,6.1,7.6,7.3
1693180800,133001,61,68,948.9,0.0,0.0,0.0,0.0
1693267200,133001,38,75,951.56,0.0,0.0,0.1,0.1
1693353600,133001,32,80,954.71,0.2,0.2,0.3,0.3
1693526400,133001,43,81,966.33,2.9,2.4,3.4,3.2
1693612800,133001,41,84,968.8,25.0,23.9,26.2,26.3
1693699200,133001,36,86,970.34,4.8,4.3,5.4,5.1
1693785600,133001,43,85,969.97,17.4,16.3,18.5,18.0
1693872000,133001,45,78,969.91,7.0,6.2,7.8,7.4
1693958400,133001,38,83,969.34,8.7,7.9,9.6,9.2
1694044800,133001,36,85,968.8,8.6,7.7,9.5,9.1
1694131200,133001,37,85,967.98,14.1,12.7,15.6,15.0
1694217600,133001,34,87,967.08,16.6,15.4,17.8,17.4
1694304000,133001,35,88,966.74,20.4,19.1,21.6,21.1
1694390400,133001,36,88,963.82,22.8,21.5,24.2,23.6
1694476800,133001,42,85,963.04,24.7,23.2,26.1,26.0
1694563200,133001,53,77,964.53,16.5,15.0,18.0,17.3
1694649600,133001,47,81,965.57,9.4,8.4,10.4,10.0
1694736000,133001,58,74,966.75,3.9,3.3,4.6,4.3
1694822400,133001,59,74,966.82,19.2,17.9,20.6,21.2
1694908800,133001,57,76,967.36,21.4,19.6,23.2,23.0
1694995200,133001,60,75,962.46,25.5,23.9,27.1,27.7
1695081600,133001,51,77,962.58,16.7,15.5,17.8,18.6
1695168000,133001,59,74,962.86,3.7,3.1,4.3,4.1
1695254400,133001,63,71,956.64,17.2,15.3,19.1,18.4
1695340800,133001,56,73,952.52,9.8,8.8,10.9,10.5
1695427200,133001,47,69,960.24,0.3,0.2,0.3,0.3
1695513600,133001,32,74,967.67,0.0,0.0,0.0,0.0
1695600000,133001,37,74,969.87,3.5,2.9,4.1,3.9
1695686400,133001,37,77,969.5,1.3,0.9,1.6,1.6
1695772800,133001,39,78,968.7,5.1,4.5,5.8,5.6
1695859200,133001,40,78,967.93,8.7,7.7,9.7,9.5
1695945600,133001,39,79,969.39,19.0,17.7,20.2,20.1
1696118400,133001,45,79,972.05,36.5,35.3,37.8,42.8
1696204800,133001,43,80,972.54,42.2,40.9,43.4,50.9
1696291200,133001,46,79,969.7,43.1,41.6,44.5,52.0
1696377600,133001,53,77,970.79,39.3,38.0,40.5,46.9
1696464000,133001,53,75,971.55,45.7,44.2,47.3,55.8
1696550400,133001,52,75,972.38,41.1,39.9,42.4,49.9
1696636800,133001,48,76,971.72,43.5,42.3,44.7,53.7
1696723200,133001,33,82,971.33,10.1,9.4,10.8,11.5
1696809600,133001,32,82,969.52,3.8,3.3,4.2,4.6
1696896000,133001,38,79,968.07,6.2,5.6,6.9,7.1
1696982400,133001,49,76,969.44,20.9,19.5,22.2,22.5
1697068800,133001,50,75,968.53,28.7,27.5,30.0,32.5
1697155200,133001,50,74,968.17,25.8,24.6,26.9,28.1
1697241600,133001,54,72,962.49,30.0,28.7,31.2,33.2
1697328000,133001,39,70,960.01,7.3,6.8,7.8,8.0
1697414400,133001,48,62,966.5,0.2,0.2,0.3,0.3
1697500800,133001,43,63,964.79,8.4,7.4,9.4,9.3
1697587200,133001,47,62,961.37,25.1,23.7,26.5,28.6
1697673600,133001,60,60,951.44,40.6,39.4,41.9,49.5
1697760000,133001,63,61,940.22,16.7,15.6,17.9,18.6
1697846400,133001,59,65,949.63,20.8,19.4,22.3,22.7
1697932800,133001,55,66,959.67,10.1,9.0,11.2,11.0
1698019200,133001,62,63,964.28,18.9,17.5,20.3,20.1
1698105600,133001,63,61,955.66,16.1,14.7,17.4,17.2
1698192000,133001,62,61,952.35,24.2,22.7,25.8,27.7
1698278400,133001,61,62,949.0,26.5,25.1,28.0,30.3
1698364800,133001,39,67,944.82,6.4,5.8,7.0,7.0
1698451200,133001,35,66,953.86,2.6,2.4,2.9,2.9
1698537600,133001,56,62,959.74,24.8,23.6,26.0,28.1
1698624000,133001,64,61,954.47,17.5,15.9,19.1,19.6
1698796800,133001,54,60,959.59,19.5,18.8,20.1,23.0
1698883200,133001,61,56,943.92,20.5,19.7,21.3,24.2
1698969600,133001,45,59,936.86,6.4,6.1,6.8,7.1
1699056000,133001,51,55,943.57,16.8,16.4,17.3,18.4
1699142400,133001,51,57,943.11,8.4,7.8,9.0,9.2
1699228800,133001,43,60,957.57,8.1,7.8,8.5,9.2
1699315200,133001,50,59,962.84,24.5,23.5,25.4,27.6
1699401600,133001,47,58,966.44,29.1,28.3,29.9,33.1
1699488000,133001,58,53,963.23,29.3,29.0,29.6,33.2
1699574400,133001,56,52,953.86,30.3,30.3,30.3,36.1
1699660800,133001,34,58,954.07,3.4,3.2,3.6,3.8
1699747200,133001,41,56,957.97,7.7,7.5,7.9,8.4
1699833600,133001,50,57,962.54,29.6,28.8,30.4,34.0
1699920000,133001,60,58,960.66,41.2,39.9,42.5,49.8
1700006400,133001,35,63,963.03,9.4,8.9,9.8,10.6
1700092800,133001,34,59,962.86,12.0,11.9,12.0,13.2
1700179200,133001,24,63,961.68,3.1,3.0,3.3,3.5
1700265600,133001,29,58,969.06,2.9,2.8,3.1,3.2
1700352000,133001,35,58,965.65,18.0,17.4,18.6,20.6
1700438400,133001,53,56,960.63,32.6,31.7,33.5,38.7
1700524800,133001,55,56,956.63,51.2,50.1,52.3,62.5
1700611200,133001,36,60,963.06,16.0,15.5,16.6,17.9
1700697600,133001,39,58,966.97,16.6,15.9,17.3,18.2
1700784000,133001,31,60,950.76,16.2,15.6,16.7,17.8
1700870400,133001,19,54,954.71,0.8,0.8,0.9,1.0
1700956800,133001,22,53,959.1,3.6,3.4,3.7,3.9
1701043200,133001,32,50,955.33,23.1,23.6,22.7,26.6
1701129600,133001,28,53,945.02,11.0,11.3,10.7,12.0
1701216000,133001,23,54,953.17,9.2,9.3,9.1,10.1
1701388800,133001,54,48,944.76,40.8,42.3,39.3,49.1
1701475200,133001,41,52,945.6,15.5,15.5,15.4,17.1
1701561600,133001,35,50,965.74,12.8,13.0,12.6,14.1
1701648000,133001,52,45,966.42,35.2,37.2,33.2,41.7
1701734400,133001,50,43,959.07,34.6,36.7,32.6,42.0
1701820800,133001,33,51,959.55,19.0,19.1,18.8,21.7
1701907200,133001,29,52,964.9,17.7,17.9,17.5,20.2
1701993600,133001,49,45,963.1,34.3,36.3,32.3,40.3
1702080000,133001,55,45,962.71,38.1,40.3,35.9,46.1
1702166400,133001,48,51,962.1,24.7,25.2,24.1,28.7
1702252800,133001,47,54,959.76,34.4,34.5,34.2,40.7
1702339200,133001,56,51,958.4,46.2,46.9,45.5,53.1
1702425600,133001,58,52,949.9,45.3,45.9,44.7,55.9
1702512000,133001,45,55,959.54,30.8,30.9,30.7,37.1
1702598400,133001,26,59,974.16,5.6,5.5,5.8,6.4
1702684800,133001,43,52,983.23,38.9,39.6,38.1,47.4
1702771200,133001,46,51,984.77,56.8,58.0,55.6,67.2
1702857600,133001,29,59,979.84,22.3,21.5,23.1,25.3
1702944000,133001,26,61,970.71,20.4,19.3,21.4,22.8
1703030400,133001,32,57,960.21,31.9,30.9,32.9,36.7
1703116800,133001,27,59,955.68,14.5,13.8,15.3,16.0
1703203200,133001,18,68,951.42,0.4,0.4,0.5,0.5
1703289600,133001,14,71,956.18,11.5,10.7,12.4,12.7
1703376000,133001,28,65,961.02,2.5,2.1,2.8,2.9
1703462400,133001,48,59,964.13,6.4,5.9,6.9,7.2
1703548800,133001,52,56,966.83,27.5,27.0,28.0,31.5
1703635200,133001,53,55,972.2,36.5,36.3,36.6,43.8
1703721600,133001,53,54,972.73,44.9,45.0,44.8,54.9
1703808000,133001,51,52,968.88,37.9,38.2,37.5,45.2
1703894400,133001,44,56,966.94,30.8,30.4,31.1,34.2
1704067200,133001,47,51,960.14,39.3,40.0,38.7,46.6
1704153600,133001,47,50,960.6,28.0,28.4,27.7,32.5
1704240000,133001,46,53,955.37,23.4,23.3,23.5,26.8
1704326400,133001,29,61,956.3,6.1,5.6,6.6,6.8
1704412800,133001,55,49,953.14,14.2,14.4,13.9,15.4
1704499200,133001,50,52,947.15,7.1,6.9,7.2,7.8
1704585600,133001,34,56,949.11,8.5,8.1,8.8,9.4
1704672000,133001,54,51,958.2,10.9,10.9,11.0,12.1
1704758400,133001,54,49,968.25,25.2,25.7,24.6,27.4
1704844800,133001,49,46,972.74,27.7,28.9,26.4,31.8
1704931200,133001,46,48,969.94,38.9,40.4,37.3,47.4
1705017600,133001,46,51,969.02,45.3,46.7,44.0,55.1
1705104000,133001,45,49,967.55,43.3,44.9,41.7,52.5
1705190400,133001,47,47,958.07,44.5,46.5,42.6,54.5
1705276800,133001,47,50,948.86,45.7,47.0,44.4,55.1
1705363200,133001,50,47,955.66,56.2,59.0,53.3,65.6
1705449600,133001,51,47,951.16,54.4,56.7,52.0,64.8
1705536000,133001,55,47,945.36,58.1,60.9,55.4,70.3
1705622400,133001,48,49,956.46,21.2,21.5,20.9,23.7
1705708800,133001,33,50,974.76,12.1,12.2,12.1,13.3
1705795200,133001,31,47,978.5,22.0,22.9,21.0,24.9
1705881600,133001,24,50,975.06,26.3,26.8,25.8,30.4
1705968000,133001,25,57,974.25,23.5,23.8,23.2,27.4
1706054400,133001,37,56,974.06,51.3,51.3,51.3,61.1
1706140800,133001,32,64,970.58,33.8,33.2,34.4,39.1
1706227200,133001,44,55,972.03,68.5,69.5,67.5,77.7
1706313600,133001,27,65,975.63,17.5,17.0,18.1,20.1
1706400000,133001,40,57,981.7,47.6,48.3,47.0,57.9
1706486400,133001,35,56,981.34,42.7,43.0,42.3,51.1
1706572800,133001,34,54,980.92,39.4,39.7,39.1,47.9
1706745600,133001,36,54,973.46,43.8,44.1,43.6,52.6
1706832000,133001,26,63,974.54,24.2,23.4,25.1,27.7
1706918400,133001,27,66,972.15,23.8,22.9,24.8,26.6
1707004800,133001,30,67,970.28,10.6,10.0,11.2,11.6
1707091200,133001,41,62,969.51,9.5,9.0,10.0,10.4
1707177600,133001,51,57,967.89,40.5,40.3,40.7,46.8
1707264000,133001,46,60,960.72,44.5,44.3,44.7,51.9
1707350400,133001,49,58,955.85,38.5,38.4,38.6,45.3
1707436800,133001,58,55,947.41,26.1,26.0,26.3,29.9
1707523200,133001,59,54,940.28,5.6,5.5,5.6,6.1
1707609600,133001,51,57,941.97,2.1,1.9,2.2,2.3
1707696000,133001,38,59,952.24,17.8,17.6,18.0,20.4
1707782400,133001,32,62,964.47,18.8,18.3,19.3,21.9
1707868800,133001,31,62,970.27,20.8,20.1,21.6,22.9
1707955200,133001,41,59,969.42,39.7,39.2,40.2,47.7
1708041600,133001,44,60,968.11,60.5,59.4,61.6,71.0
1708128000,133001,40,63,973.23,71.2,69.7,72.7,79.2
1708214400,133001,42,63,975.6,82.7,80.7,84.7,91.0
1708300800,133001,36,65,970.65,71.3,70.2,72.4,78.6
1708387200,133001,31,66,970.97,39.3,38.4,40.2,46.5
1708473600,133001,36,62,969.29,46.5,45.7,47.3,55.7
1708560000,133001,52,56,956.68,68.0,67.4,68.5,76.6
1708646400,133001,53,55,945.34,25.6,25.1,26.0,28.1
1708732800,133001,55,52,952.88,31.9,32.2,31.6,37.4
1708819200,133001,48,54,955.85,24.2,24.1,24.3,26.7
1708905600,133001,57,48,952.91,6.6,6.8,6.4,7.4
1708992000,133001,59,51,955.03,3.1,3.1,3.2,3.5
1709078400,133001,58,57,963.43,6.7,6.3,7.2,7.4
1709251200,133001,59,56,953.61,2.4,2.2,2.5,2.7
1709337600,133001,57,57,954.47,5.8,5.3,6.2,6.3
1709424000,133001,60,53,950.92,7.0,6.8,7.3,7.8
1709510400,133001,51,58,955.28,1.5,1.5,1.6,1.7
1709596800,133001,47,60,958.23,7.8,7.5,8.1,8.6
1709683200,133001,43,55,961.7,1.1,1.1,1.1,1.3
1709769600,133001,32,61,962.52,4.2,4.1,4.3,4.8
1709856000,133001,52,53,960.62,19.7,19.5,19.9,22.5
1709942400,133001,59,51,956.48,12.8,12.7,12.9,13.9
1710028800,133001,58,51,947.9,6.8,6.7,6.8,7.8
1710115200,133001,49,56,953.46,13.2,12.7,13.6,14.2
1710201600,133001,25,67,960.0,0.7,0.7,0.8,0.8
1710288000,133001,28,67,962.95,2.0,1.9,2.1,2.2
1710374400,133001,40,65,964.12,19.4,18.7,20.1,21.9
1710460800,133001,48,62,963.92,9.2,8.7,9.8,9.9
1710547200,133001,41,68,965.78,17.4,16.6,18.2,18.4
1710633600,133001,46,64,967.4,28.2,27.4,29.0,31.3
1710720000,133001,49,64,961.81,23.5,22.7,24.4,25.7
1710806400,133001,44,67,964.0,33.0,32.0,33.9,39.2
1710892800,133001,53,62,968.92,45.3,44.2,46.4,56.6
1710979200,133001,43,69,967.86,36.6,35.6,37.6,43.7
1711065600,133001,43,69,966.13,42.6,41.4,43.8,52.2
1711152000,133001,33,66,957.59,30.8,29.6,32.1,37.8
1711238400,133001,17,65,954.92,0.0,0.0,0.0,0.0
1711324800,133001,20,64,954.59,1.9,1.8,2.0,2.2
1711411200,133001,51,52,949.38,13.9,13.6,14.1,14.8
1711497600,133001,58,51,941.13,8.2,8.1,8.3,8.9
1711584000,133001,54,54,948.51,20.0,19.6,20.4,22.0
1711670400,133001,58,55,958.3,20.3,19.7,20.8,22.6
1711756800,133001,62,56,953.43,30.0,28.9,31.1,35.5
1711929600,133001,41,65,949.46,12.5,12.3,12.8,13.4
1712016000,133001,29,69,959.5,0.1,0.1,0.1,0.1
1712102400,133001,42,65,961.98,5.5,5.2,5.9,6.2
1712188800,133001,46,66,965.97,9.4,8.7,10.1,10.1
1712275200,133001,49,67,969.67,4.3,3.7,4.9,4.7
1712361600,133001,42,72,970.17,8.1,7.3,9.0,8.7
1712448000,133001,42,75,967.98,24.4,23.2,25.6,25.9
1712534400,133001,38,77,964.33,20.9,19.9,21.9,22.4
1712620800,133001,51,61,962.6,11.7,10.8,12.7,13.2
1712707200,133001,55,58,966.87,0.9,0.8,1.0,1.0
1712793600,133001,41,73,974.75,2.7,2.3,3.1,2.9
1712880000,133001,35,78,975.74,6.3,5.7,7.0,6.8
1712966400,133001,37,80,973.87,11.3,10.2,12.4,12.0
1713052800,133001,34,83,969.1,10.1,9.1,11.0,10.8
1713139200,133001,44,71,959.01,16.8,15.7,17.8,17.8
1713225600,133001,17,73,950.34,0.1,0.1,0.1,0.1
1713312000,133001,20,67,952.82,0.5,0.4,0.5,0.6
1713398400,133001,28,59,957.22,0.2,0.2,0.2,0.3
1713484800,133001,24,65,959.93,0.1,0.1,0.2,0.2
1713571200,133001,21,67,957.93,0.0,0.0,0.0,0.0
1713657600,133001,22,64,959.44,0.0,0.0,0.0,0.0
1713744000,133001,52,50,959.53,1.9,2.0,1.8,2.2
1713830400,133001,52,52,955.57,0.5,0.5,0.5,0.6
1713916800,133001,33,62,952.89,0.2,0.2,0.3,0.3
1714003200,133001,36,62,954.43,4.4,4.2,4.6,4.8
1714089600,133001,53,56,958.45,21.6,21.8,21.5,23.1
1714176000,133001,58,56,963.4,19.3,19.3,19.4,20.6
1714262400,133001,61,57,967.37,11.8,11.4,12.2,12.8
1714348800,133001,45,69,968.85,6.8,6.4,7.2,7.4
1714521600,133001,61,61,956.38,8.4,7.8,9.0,9.0
1714608000,133001,61,60,952.8,2.7,2.5,2.9,3.0
1714694400,133001,45,68,958.88,0.1,0.1,0.1,0.2
1714780800,133001,41,69,963.09,0.1,0.1,0.1,0.1
1714867200,133001,42,71,962.1,2.6,2.4,2.8,2.9
1714953600,133001,54,64,960.14,4.6,4.3,5.0,5.0
1715040000,133001,62,59,960.7,2.8,2.7,2.9,3.0
1715126400,133001,46,72,964.54,1.4,1.3,1.5,1.5
1715212800,133001,41,75,966.77,0.5,0.4,0.6,0.6
1715299200,133001,40,76,966.68,3.0,2.7,3.3,3.2
1715385600,133001,33,80,965.91,4.6,4.3,5.0,4.9
1715472000,133001,41,77,964.05,7.0,6.5,7.5,7.4
1715558400,133001,54,69,962.55,2.0,1.8,2.3,2.2
1715644800,133001,60,66,958.38,15.0,14.2,15.7,16.2
1715731200,133001,63,61,956.5,3.1,2.8,3.4,3.4
1715817600,133001,62,62,954.44,2.6,2.4,2.8,2.9
1715904000,133001,51,67,957.64,4.0,3.6,4.4,4.6
1715990400,133001,47,71,960.69,6.8,6.6,7.1,7.5
1716076800,133001,43,74,959.72,2.3,2.1,2.5,2.5
1716163200,133001,50,71,958.09,5.5,5.1,6.0,6.0
1716249600,133001,50,73,954.69,3.2,2.9,3.4,3.5
1716336000,133001,52,72,959.09,8.0,7.6,8.4,8.7
1716422400,133001,58,65,963.56,1.9,1.7,2.0,2.1
1716508800,133001,55,67,965.15,10.6,10.1,11.2,11.5
1716595200,133001,50,69,964.71,0.5,0.4,0.6,0.7
1716681600,133001,40,78,965.36,3.9,3.6,4.1,4.1
1716768000,133001,54,71,965.65,8.5,8.2,8.9,9.0
1716854400,133001,42,77,962.76,2.8,2.6,3.1,3.1
1716940800,133001,46,76,961.21,19.7,19.2,20.3,20.9
1717027200,133001,55,73,953.62,17.4,16.9,17.9,18.4
1717200000,133001,36,76,959.44,0.2,0.2,0.2,0.3
1717286400,133001,39,76,962.76,0.7,0.7,0.7,0.8
1717372800,133001,42,77,961.23,1.0,0.9,1.0,1.1
1717459200,133001,47,76,961.54,2.7,2.6,2.8,2.9
1717545600,133001,46,78,963.29,10.2,9.8,10.7,10.8
1717632000,133001,45,81,965.41,9.3,8.6,9.9,9.8
1717718400,133001,49,80,964.68,17.4,16.7,18.1,18.2
1717804800,133001,55,78,961.64,24.5,23.9,25.1,26.5
1717891200,133001,49,78,956.02,14.0,13.6,14.4,15.2
1717977600,133001,46,80,953.13,6.4,6.0,6.8,7.0
1718064000,133001,48,78,956.04,7.8,7.4,8.2,8.4
1718150400,133001,52,72,959.81,1.1,1.0,1.2,1.2
1718236800,133001,46,73,962.66,3.4,3.1,3.7,3.7
1718323200,133001,50,73,963.42,9.2,9.0,9.5,9.7
1718409600,133001,58,72,958.81,21.4,20.8,21.9,22.9
1718496000,133001,42,79,959.54,3.3,3.0,3.6,3.5
1718582400,133001,42,81,963.8,4.8,4.5,5.0,5.0
1718668800,133001,39,85,965.73,5.3,5.1,5.6,5.6
1718755200,133001,39,86,965.58,11.9,11.2,12.5,12.6
1718841600,133001,57,78,967.95,21.6,20.7,22.5,23.1
1718928000,133001,59,75,963.44,5.0,4.6,5.4,5.8
1719014400,133001,44,80,959.12,2.6,2.3,2.9,3.0
1719100800,133001,58,68,960.98,0.1,0.1,0.1,0.1
1719187200,133001,57,70,962.77,1.3,1.1,1.5,1.5
1719273600,133001,54,75,961.7,3.9,3.4,4.4,4.2
1719360000,133001,46,81,960.34,4.1,3.7,4.6,4.4
1719446400,133001,44,86,960.12,10.2,9.4,11.1,10.7
1719532800,133001,41,89,964.24,10.1,9.2,10.9,10.6
1719619200,133001,51,84,963.71,28.9,27.7,30.0,33.5
1719792000,133001,54,78,958.99,6.8,6.0,7.7,7.4
1719878400,133001,33,85,957.34,0.5,0.4,0.6,0.6
1719964800,133001,49,75,956.49,2.4,2.1,2.8,2.6
1720051200,133001,41,81,959.2,8.8,8.0,9.7,9.2
1720137600,133001,40,83,962.58,9.8,8.9,10.6,10.2
1720224000,133001,49,81,959.69,13.2,12.0,14.5,13.9
1720310400,133001,57,79,959.89,12.7,10.9,14.4,13.4
1720396800,133001,50,82,964.14,15.8,14.3,17.3,16.7
1720483200,133001,42,89,965.25,16.6,15.3,17.9,17.5
1720569600,133001,42,90,964.42,21.6,20.4,22.8,22.4
1720656000,133001,42,91,962.95,21.2,19.7,22.6,22.4
1720742400,133001,56,80,959.92,6.0,5.1,7.0,6.5
1720828800,133001,49,84,958.59,5.9,5.1,6.7,6.3
1720915200,133001,42,88,960.74,7.6,6.7,8.4,7.9
1721001600,133001,39,90,961.7,6.0,5.3,6.6,6.2
1721088000,133001,39,91,961.0,11.0,9.8,12.3,11.6
1721174400,133001,43,91,963.32,17.2,15.6,18.7,17.8
1721260800,133001,42,91,966.13,23.1,21.3,25.0,23.7
1721347200,133001,43,91,964.23,26.8,24.8,28.7,28.3
1721433600,133001,38,90,959.09,10.1,8.6,11.6,10.7
1721520000,133001,47,85,958.37,19.9,17.5,22.2,21.4
1721606400,133001,37,91,961.23,6.4,5.4,7.3,6.7
1721692800,133001,42,91,963.84,16.9,15.1,18.8,17.8
1721779200,133001,39,91,961.16,15.7,13.7,17.6,16.5
1721865600,133001,42,90,960.43,12.3,10.2,14.4,13.0
1721952000,133001,46,88,961.27,13.4,11.3,15.6,14.1
1722038400,133001,42,92,964.25,19.4,17.3,21.6,20.1
1722124800,133001,40,94,965.83,24.6,22.4,26.8,25.3
1722211200,133001,41,93,966.72,14.2,12.4,16.0,14.8
1722297600,133001,43,93,965.58,19.0,16.9,21.1,19.7
1722470400,133001,42.0,92.0,959.66,20.2,18.5,21.8,20.9
1722556800,133001,42.0,94.0,958.52,14.0,12.3,15.6,14.7
1722643200,133001,,,,4.7,3.8,5.5,5.0
1722729600,133001,,,,13.5,11.6,15.4,14.2
1722816000,133001,,,,10.1,8.3,11.8,10.6
1722902400,133001,,,,17.1,15.0,19.3,17.9
1722988800,133001,59.0,76.0,961.94,16.5,14.9,18.1,17.3
1723075200,133001,45.0,88.0,962.58,12.7,10.4,15.0,13.7
1723161600,133001,43.0,91.0,964.66,14.1,11.8,16.4,14.9
1723248000,133001,42.0,93.0,967.55,20.5,18.6,22.3,21.2
1723334400,133001,42.0,94.0,966.87,22.7,20.7,24.6,23.4
1723420800,133001,41.0,95.0,962.5,24.7,22.6,26.9,25.9
1723507200,133001,39.0,93.0,959.7,17.2,15.5,18.9,17.9
1723593600,133001,44.0,85.0,961.44,5.1,4.1,6.1,5.4
1723680000,133001,47.0,80.0,965.46,3.4,2.6,4.2,3.7
1723766400,133001,42.0,85.0,964.7,3.3,2.4,4.1,3.7
1723852800,133001,40.0,89.0,960.63,3.6,2.7,4.4,4.0
1723939200,133001,51.0,82.0,956.47,0.8,0.5,1.0,0.9
1724025600,133001,39.0,87.0,958.13,0.1,0.0,0.2,0.2
1724112000,133001,38.0,89.0,959.81,2.3,1.6,2.9,2.5
1724198400,133001,33.0,91.0,960.12,250.6,11.9,489.3,251.9
1724284800,133001,41.0,90.0,961.54,168.6,20.2,317.0,169.7
1724371200,133001,44.0,89.0,963.32,393.3,21.4,765.2,394.2
1724457600,133001,41.0,89.0,964.44,74.5,14.2,134.7,75.7
1724544000,133001,40.0,89.0,963.13,375.4,13.0,737.9,376.7
1724630400,133001,43.0,86.0,963.37,326.7,9.8,643.6,327.6
1724716800,133001,47.0,83.0,965.6,256.2,11.3,501.2,257.3
1724803200,133001,40.0,89.0,966.57,111.8,18.8,204.7,112.8
1724889600,133001,34.0,91.0,966.2,241.2,18.8,463.6,242.1
1724976000,133001,33.0,92.0,965.68,130.4,19.8,241.1,131.7
1725148800,133001,41,88,963.7,89.8,57.8,121.8,92.5
1725235200,133001,48,80,962.76,8.0,6.4,9.5,8.6
1725321600,133001,43,86,964.17,8.3,6.7,9.9,8.9
1725408000,133001,55,78,962.47,11.0,8.9,13.2,11.9
1725494400,133001,61,74,956.84,8.1,6.7,9.4,8.7
1725580800,133001,52,78,961.27,2.5,1.8,3.1,2.7
1725667200,133001,48,82,964.45,8.2,6.6,9.7,8.7
1725753600,133001,62,73,959.27,13.8,11.5,16.0,14.5
1725840000,133001,40,81,953.03,5.2,4.1,6.3,5.7
1725926400,133001,28,84,957.55,0.0,0.0,0.0,0.0
1726012800,133001,42,79,955.75,6.5,5.1,7.9,7.0
1726099200,133001,46,71,951.66,8.9,7.8,10.1,9.4
1726185600,133001,22,72,958.3,4.8,4.6,5.1,5.2
1726272000,133001,23,75,962.81,14.4,13.8,15.0,15.4
1726358400,133001,26,79,960.57,0.3,0.2,0.3,0.3
1726444800,133001,32,75,960.11,1.7,1.4,2.1,2.0
1726531200,133001,40,70,963.83,1.4,1.1,1.7,1.5
1726617600,133001,55,63,967.44,2.4,1.9,2.9,2.7
1726704000,133001,44,71,965.47,4.5,3.8,5.3,5.0
1726790400,133001,47,70,968.4,11.3,9.4,13.2,12.2
1726876800,133001,43,73,969.28,15.2,12.9,17.5,16.2
1726963200,133001,46,73,965.8,19.9,17.5,22.4,21.0
1727049600,133001,61,67,960.16,27.1,24.6,29.5,29.9
1727136000,133001,57,68,958.4,21.8,19.1,24.5,23.9
1727222400,133001,56,69,960.96,18.8,16.4,21.3,20.4
1727308800,133001,59,68,956.34,25.2,22.4,27.9,27.6
1727395200,133001,47,75,953.82,11.6,9.9,13.2,12.6
1727481600,133001,25,76,960.08,0.0,0.0,0.0,0.0
1727568000,133001,33,73,969.63,0.0,0.0,0.0,0.0
1727740800,133001,51,67,962.23,11.9,10.6,13.2,12.9
1727827200,133001,51,70,953.86,30.9,28.6,33.2,35.5
1727913600,133001,61,63,952.37,4.0,3.5,4.6,4.3
1728000000,133001,53,65,955.87,0.6,0.5,0.7,0.7
1728086400,133001,50,64,960.06,8.1,6.8,9.5,8.8
1728172800,133001,52,63,960.41,3.6,2.9,4.3,3.9
1728259200,133001,58,62,962.73,19.8,17.5,22.1,21.6
1728345600,133001,63,62,955.14,4.6,3.8,5.3,4.9
1728432000,133001,62,64,952.65,11.2,9.3,13.1,12.0
1728518400,133001,46,70,948.98,2.9,2.1,3.7,3.2
1728604800,133001,37,71,959.36,4.5,4.0,5.0,5.2
1728691200,133001,54,66,965.54,25.8,23.7,27.8,28.9
1728777600,133001,52,68,965.64,23.1,21.0,25.2,25.7
1728864000,133001,58,67,967.34,35.0,32.7,37.3,41.0
1728950400,133001,60,68,967.87,42.1,39.5,44.6,51.4
1729036800,133001,66,65,967.49,16.2,14.1,18.3,18.4
1729123200,133001,66,65,966.42,2.3,1.6,3.0,2.5
1729209600,133001,59,68,963.1,1.2,0.9,1.6,1.5
1729296000,133001,60,67,965.63,7.1,6.0,8.2,7.8
1729382400,133001,63,66,972.36,4.3,3.4,5.1,4.6
1729468800,133001,56,70,976.21,10.3,8.7,11.8,11.1
1729555200,133001,55,71,975.65,23.1,20.9,25.4,24.6
1729641600,133001,56,70,975.57,29.6,27.2,31.9,32.8
1729728000,133001,62,66,974.29,15.0,12.9,17.2,16.2
1729814400,133001,65,65,971.08,15.9,13.6,18.3,17.5
1729900800,133001,66,65,968.15,4.0,3.0,4.9,4.5
1729987200,133001,66,66,971.14,10.0,7.5,12.6,12.5
1730073600,133001,57,69,973.4,6.6,5.4,7.8,7.2
1730160000,133001,62,65,972.92,26.4,24.4,28.4,29.8
1730246400,133001,54,69,972.18,25.8,24.1,27.6,28.9
1730419200,133001,50,68,971.4,26.4,24.7,28.1,29.5
1730505600,133001,50,68,970.09,25.5,23.8,27.1,27.9
1730592000,133001,51,65,973.75,25.2,23.8,26.7,28.8
1730678400,133001,58,61,973.1,41.0,39.7,42.3,48.7
1730764800,133001,52,61,972.65,34.8,33.8,35.8,41.3
1730851200,133001,47,60,974.95,24.7,23.9,25.6,28.2
1730937600,133001,47,61,976.01,53.8,52.9,54.6,62.8
1731024000,133001,52,58,974.57,46.3,45.6,46.9,56.4
1731110400,133001,54,57,972.77,56.6,55.4,57.7,67.5
1731196800,133001,44,60,969.51,42.6,41.9,43.4,51.6
1731283200,133001,40,60,969.82,26.2,25.4,27.0,30.4
1731369600,133001,43,55,970.0,18.2,18.0,18.5,21.2
1731456000,133001,39,57,968.88,13.7,13.5,14.0,15.9
1731542400,133001,47,54,969.03,48.2,49.0,47.5,60.3
1731628800,133001,49,54,969.57,68.6,69.0,68.2,77.4
1731715200,133001,51,53,968.21,73.7,74.9,72.6,82.3
1731801600,133001,50,53,960.99,59.6,60.3,58.8,69.7
1731888000,133001,51,57,959.32,51.4,51.2,51.7,61.1
1731974400,133001,57,53,955.9,80.2,80.2,80.2,87.8
1732060800,133001,36,55,947.73,22.2,22.1,22.3,26.8
1732147200,133001,37,48,949.15,3.5,3.6,3.5,4.1
1732233600,133001,35,48,953.25,6.3,6.3,6.4,7.2
1732320000,133001,26,51,972.92,5.2,5.3,5.1,5.9
1732406400,133001,32,50,978.05,16.0,16.1,16.0,17.8
1732492800,133001,38,53,973.11,21.6,21.3,21.8,23.5
1732579200,133001,50,55,968.76,33.5,33.6,33.4,38.9
1732665600,133001,53,56,970.2,39.0,38.8,39.3,47.1
1732752000,133001,56,54,968.6,54.1,53.5,54.8,64.1
1732838400,133001,53,57,971.97,43.1,42.6,43.5,52.7
1733011200,133001,43,52,972.17,36.7,36.9,36.6,42.7
1733097600,133001,38,54,966.67,38.8,38.7,38.9,45.5
1733184000,133001,43,53,962.57,46.5,46.8,46.2,56.1
1733270400,133001,45,52,966.76,43.9,44.5,43.3,53.1
1733356800,133001,41,52,969.73,30.5,31.0,30.0,35.3
1733443200,133001,45,50,962.94,42.6,43.6,41.5,52.4
1733529600,133001,42,48,956.96,38.9,40.1,37.6,45.7
1733616000,133001,47,50,948.39,25.8,25.8,25.8,30.2
1733702400,133001,54,49,956.74,23.5,23.8,23.2,27.4
1733788800,133001,53,50,965.08,25.2,25.6,24.7,29.3
1733875200,133001,46,53,969.51,14.2,14.0,14.4,15.8
1733961600,133001,52,50,973.67,55.8,57.7,53.8,66.8
1734048000,133001,56,46,974.53,56.4,58.8,53.9,66.8
1734134400,133001,52,46,967.84,44.5,46.2,42.9,54.3
1734220800,133001,34,54,972.06,10.1,10.0,10.2,11.6
1734307200,133001,27,59,978.93,20.9,20.3,21.4,22.8
1734393600,133001,48,56,975.86,19.8,19.3,20.3,22.1
1734480000,133001,50,55,972.39,35.7,35.6,35.8,42.1
1734566400,133001,55,52,959.51,42.7,43.4,42.1,51.9
1734652800,133001,27,54,959.11,5.7,5.7,5.7,6.6
1734739200,133001,26,52,967.54,10.9,10.9,10.8,11.9
1734825600,133001,34,48,955.49,20.7,21.0,20.4,22.4
1734912000,133001,23,53,954.22,4.6,4.6,4.5,5.3
1734998400,133001,21,54,964.81,1.8,1.8,1.9,2.1
1735084800,133001,25,53,974.34,23.9,24.3,23.5,26.8
1735171200,133001,26,52,977.94,28.7,29.0,28.4,32.1
1735257600,133001,24,53,978.21,15.1,14.9,15.2,17.5
1735344000,133001,20,58,973.92,9.3,9.0,9.6,10.8
1735430400,133001,23,59,973.26,14.2,13.6,14.8,15.8
1735516800,133001,27,59,974.85,34.5,34.0,35.0,39.0
1735689600,133001,43,53,975.39,56.7,57.0,56.4,66.8
1735776000,133001,48,51,966.4,41.9,43.0,40.8,51.2
1735862400,133001,39,53,961.41,19.0,19.0,19.1,20.9
1735948800,133001,52,46,966.65,46.7,48.8,44.7,58.0
1736035200,133001,49,46,963.31,48.1,50.0,46.1,59.2
1736121600,133001,55,45,958.38,45.4,47.1,43.8,56.7
1736208000,133001,54,48,955.82,41.7,43.0,40.3,50.6
1736294400,133001,53,50,960.04,44.0,45.1,42.9,53.3
1736380800,133001,57,49,956.87,37.2,38.0,36.3,44.9
1736467200,133001,41,53,959.98,24.3,24.4,24.3,28.1
1736553600,133001,48,47,963.92,23.0,23.4,22.5,26.0
1736640000,133001,39,48,970.51,21.0,21.4,20.6,23.8
1736726400,133001,38,47,976.69,31.3,32.1,30.6,35.8
1736812800,133001,42,43,977.89,28.4,29.4,27.4,33.7
1736899200,133001,39,45,970.94,40.1,41.8,38.5,49.6
1736985600,133001,35,48,978.46,19.6,20.2,19.0,22.1
1737072000,133001,41,48,980.64,22.3,22.9,21.8,25.3
1737158400,133001,34,51,974.65,26.1,26.6,25.6,30.0
1737244800,133001,51,50,971.02,12.7,12.6,12.8,14.0
1737331200,133001,56,50,968.23,10.5,10.3,10.7,11.5
1737417600,133001,54,52,964.71,6.1,5.8,6.4,6.6
1737504000,133001,57,51,962.98,27.3,27.4,27.1,30.9
1737590400,133001,58,50,960.07,25.8,26.0,25.5,30.2
1737676800,133001,52,53,964.67,27.7,27.8,27.6,32.4
1737763200,133001,56,52,966.23,42.0,42.6,41.4,51.1
1737849600,133001,54,53,960.98,20.2,19.9,20.5,22.1
1737936000,133001,57,52,957.8,23.5,23.4,23.6,25.9
1738022400,133001,54,54,948.37,22.2,21.6,22.8,24.4
1738108800,133001,52,54,959.81,24.8,24.5,25.0,27.8
1738195200,133001,57,52,966.38,32.6,32.8,32.4,38.3
1738368000,133001,60,50,971.96,3.4,3.3,3.6,3.8
1738454400,133001,52,56,967.56,4.6,4.1,5.0,5.0
1738540800,133001,44,57,968.98,12.3,12.0,12.7,13.7
1738627200,133001,55,50,973.92,47.0,48.2,45.9,57.6
1738713600,133001,47,55,977.66,40.4,40.9,39.9,49.8
1738800000,133001,42,55,976.68,46.2,46.8,45.6,56.4
1738886400,133001,48,47,975.64,37.0,38.7,35.3,44.6
1738972800,133001,54,46,974.65,32.8,34.4,31.1,39.1
1739059200,133001,54,50,973.55,23.7,24.0,23.4,26.6
1739145600,133001,52,53,971.39,32.6,32.3,32.8,36.6
1739232000,133001,57,53,970.05,47.9,48.0,47.9,57.3
1739318400,133001,58,54,967.47,45.2,45.2,45.2,56.2
1739404800,133001,55,55,963.3,47.0,46.8,47.2,58.9
1739491200,133001,50,51,958.85,26.2,26.3,26.2,32.0
1739577600,133001,41,51,963.57,17.8,17.7,18.0,19.4
1739664000,133001,45,48,960.98,38.1,39.3,36.8,46.3
1739750400,133001,46,47,964.82,45.3,47.5,43.2,57.4
1739836800,133001,45,46,967.77,42.2,44.4,40.0,53.6
1739923200,133001,45,45,973.63,39.4,41.5,37.3,48.7
1740009600,133001,41,51,975.2,49.2,49.8,48.7,60.7
1740096000,133001,46,51,975.17,64.8,65.7,63.9,74.6
1740182400,133001,52,52,973.22,83.2,84.1,82.3,91.4
1740268800,133001,52,56,975.22,58.9,58.1,59.6,69.2
1740355200,133001,53,57,972.71,52.1,50.7,53.5,64.2
1740441600,133001,59,55,964.9,70.4,67.7,73.1,79.8
1740528000,133001,40,59,960.74,28.3,27.6,29.0,35.3
1740614400,133001,40,58,963.03,26.9,25.7,28.1,31.5
1740787200,133001,52,51,969.27,21.2,20.7,21.7,24.1
1740873600,133001,39,56,974.29,18.2,17.1,19.2,19.5
1740960000,133001,35,59,973.24,24.2,23.4,25.0,26.3
1741046400,133001,34,61,971.75,32.5,31.5,33.5,38.4
1741132800,133001,29,63,972.93,22.8,21.7,24.0,26.3
1741219200,133001,29,63,972.32,32.1,31.0,33.2,38.2
1741305600,133001,33,60,967.39,36.0,34.7,37.2,43.4
1741392000,133001,30,63,962.71,35.8,34.6,36.9,42.8
1741478400,133001,42,56,958.06,39.4,38.3,40.6,46.9
1741564800,133001,57,54,953.53,18.5,17.6,19.5,21.3
1741651200,133001,56,56,952.31,19.5,18.5,20.5,22.3
1741737600,133001,56,55,945.69,10.2,9.4,11.1,11.1
1741824000,133001,50,59,942.85,21.0,19.8,22.3,24.2
1741910400,133001,55,56,947.05,13.0,11.6,14.4,13.9
1741996800,133001,60,55,951.91,3.4,2.9,3.8,3.6
1742083200,133001,49,57,957.97,4.2,3.8,4.6,4.7
1742169600,133001,38,62,962.63,3.8,3.3,4.3,4.1
1742256000,133001,50,50,973.26,15.7,15.4,15.9,17.2
1742342400,133001,43,53,976.64,27.7,27.5,27.9,30.8
1742428800,133001,35,60,975.43,26.3,25.4,27.3,29.9
1742515200,133001,49,55,970.29,21.0,19.9,22.0,23.3
1742601600,133001,60,52,960.29,26.4,26.0,26.8,30.1
1742688000,133001,57,55,956.17,4.1,3.7,4.6,4.5
1742774400,133001,55,58,960.17,10.0,9.3,10.8,10.9
1742860800,133001,41,66,962.9,4.5,3.8,5.2,4.9
1742947200,133001,41,65,961.46,17.1,15.9,18.3,18.6
1743033600,133001,32,69,957.99,4.3,3.7,4.9,4.7
1743120000,133001,35,68,953.36,7.3,6.1,8.4,8.1
1743206400,133001,41,62,952.8,15.5,14.0,17.0,17.1
1743292800,133001,28,72,958.48,4.8,4.2,5.3,5.2
1743465600,133001,27,62,961.51,0.2,0.2,0.3,0.3
1743552000,133001,48,56,964.81,6.9,6.3,7.5,7.4
1743638400,133001,35,69,967.96,9.7,8.5,10.9,10.4
1743724800,133001,33,71,964.72,15.7,13.6,17.8,17.1
1743811200,133001,31,74,958.07,20.4,18.5,22.4,22.4
1743897600,133001,33,73,956.98,12.2,10.8,13.6,13.3
1743984000,133001,31,61,966.04,3.7,3.1,4.3,4.2
1744070400,133001,40,55,970.7,14.9,13.7,16.0,15.9
1744156800,133001,40,60,967.37,33.0,31.5,34.5,37.8
1744243200,133001,31,70,967.0,26.6,25.2,28.0,31.3
1744329600,133001,35,73,964.35,19.7,17.7,21.7,21.2
1744416000,133001,49,66,962.35,23.2,21.2,25.1,25.0
1744502400,133001,51,62,961.4,8.0,6.8,9.2,8.6
1744588800,133001,60,60,958.98,6.7,5.9,7.5,7.2
1744675200,133001,58,63,953.81,0.8,0.5,1.0,0.9
1744761600,133001,68,61,954.82,4.8,3.4,6.1,5.2
1744848000,133001,66,59,950.85,0.4,0.3,0.5,0.4
1744934400,133001,46,68,958.44,0.7,0.4,0.9,0.8
1745020800,133001,58,61,960.05,4.6,3.8,5.4,4.9
1745107200,133001,56,62,957.86,7.1,5.7,8.5,7.5
1745193600,133001,44,66,960.18,1.9,1.3,2.4,2.1
1745280000,133001,35,74,961.72,1.1,0.8,1.5,1.3
1745366400,133001,37,75,959.32,1.3,0.8,1.8,1.5
1745452800,133001,35,72,958.17,0.1,0.1,0.2,0.2
1745539200,133001,27,75,958.45,0.3,0.2,0.4,0.3
1745625600,133001,35,73,961.65,0.6,0.4,0.8,0.7
1745712000,133001,54,65,967.85,3.1,2.3,3.9,3.3
1745798400,133001,42,73,970.61,3.3,2.4,4.3,3.6
1745884800,133001,36,77,969.6,9.1,7.0,11.2,9.6
1746057600,133001,27,82,967.04,5.8,4.6,7.1,6.1
1746144000,133001,28,82,966.28,5.7,4.5,6.8,5.9
1746230400,133001,38,76,961.98,11.0,8.6,13.3,11.6
1746316800,133001,51,70,954.88,8.7,6.5,11.0,9.5
1746403200,133001,59,66,949.69,4.9,3.4,6.3,5.2
1746489600,133001,58,64,955.47,5.1,4.0,6.3,5.4
1746576000,133001,56,62,957.78,3.2,2.4,3.9,3.4
1746662400,133001,46,67,957.41,3.5,2.7,4.3,3.8
1746748800,133001,56,63,961.91,5.8,4.5,7.1,6.1
1746835200,133001,55,65,965.19,23.2,21.0,25.3,25.5
1746921600,133001,48,70,961.26,14.8,12.7,16.8,15.8
1747008000,133001,47,69,958.41,8.6,7.2,10.0,9.0
1747094400,133001,49,69,961.87,10.1,8.6,11.5,10.6
1747180800,133001,50,70,963.2,13.6,11.3,15.9,14.3
1747267200,133001,37,78,956.71,11.6,9.9,13.3,12.2
1747353600,133001,41,70,959.21,2.4,1.7,3.1,2.7
1747440000,133001,40,71,960.67,2.5,2.0,3.1,2.8
1747526400,133001,42,73,961.89,2.5,1.9,3.1,2.8
1747612800,133001,49,73,963.65,12.4,10.5,14.3,13.2
1747699200,133001,60,65,962.62,10.4,8.7,12.1,11.0
1747785600,133001,48,74,959.01,11.6,9.9,13.3,12.3
1747872000,133001,56,67,954.52,6.1,5.4,6.8,6.4
1747958400,133001,38,73,958.79,0.5,0.4,0.6,0.5
1748044800,133001,41,71,963.06,4.7,3.8,5.7,5.1
1748131200,133001,40,75,963.37,10.1,8.3,11.9,10.7
1748217600,133001,43,78,962.47,11.9,10.0,13.9,12.4
1748304000,133001,49,74,965.83,6.4,4.7,8.2,6.7
1748390400,133001,43,79,965.17,13.1,10.6,15.6,13.8
1748476800,133001,29,84,965.26,0.6,0.4,0.8,0.7
1748563200,133001,34,85,968.22,7.0,5.7,8.2,7.3
1748736000,133001,46,84,965.18,23.7,21.1,26.2,25.4
1748822400,133001,56,76,964.55,13.1,10.7,15.5,13.7
1748908800,133001,53,75,964.42,7.4,5.7,9.0,7.8
1748995200,133001,58,69,964.21,4.7,3.5,5.9,5.1
1749081600,133001,53,75,962.99,15.6,12.4,18.8,16.7
1749168000,133001,49,79,964.49,16.8,14.0,19.6,17.8
1749254400,133001,51,79,961.98,20.6,18.0,23.2,22.0
1749340800,133001,47,82,961.02,29.5,27.0,32.0,32.4
1749427200,133001,38,83,966.49,36.3,34.0,38.6,44.0
1749513600,133001,43,83,966.14,30.6,28.4,32.8,34.9
1749600000,133001,38,88,963.22,34.0,31.7,36.2,39.9
1749686400,133001,39,89,965.15,38.2,35.7,40.6,46.1
1749772800,133001,40,91,967.61,40.9,38.5,43.3,49.8
1749859200,133001,42,91,967.73,41.6,39.3,44.0,50.7
1749945600,133001,40,90,965.59,20.8,18.6,23.0,22.7
1750032000,133001,31,90,964.85,6.1,5.1,7.1,6.8
1750118400,133001,39,82,968.6,1.9,1.3,2.4,2.2
1750204800,133001,34,88,968.59,5.7,4.9,6.5,6.1
1750291200,133001,32,91,966.72,12.7,11.3,14.2,13.6
1750377600,133001,33,92,965.9,17.0,15.7,18.3,17.8
1750464000,133001,41,86,967.57,17.3,15.3,19.3,18.5
1750550400,133001,40,86,968.16,9.3,7.3,11.3,9.9
1750636800,133001,40,89,964.22,13.3,10.5,16.1,14.0
1750723200,133001,43,90,962.85,18.1,15.4,20.8,19.0
1750809600,133001,41,91,963.73,22.0,19.2,24.8,23.1
1750896000,133001,36,90,963.48,11.5,9.6,13.3,12.2
1750982400,133001,31,92,967.53,4.7,3.7,5.6,5.0
1751068800,133001,29,96,969.03,5.6,4.6,6.5,5.9
1751155200,133001,32,96,967.96,6.7,5.7,7.8,7.1
1751328000,133001,35,93,964.84,7.3,6.3,8.2,7.6
1751414400,133001,51,82,966.08,5.9,4.6,7.3,6.2
1751500800,133001,37,92,966.71,8.8,7.7,9.9,9.2
1751587200,133001,37,94,966.27,13.0,11.4,14.6,13.7
1751673600,133001,45,85,964.5,12.0,10.9,13.1,12.5
1751760000,133001,44,86,957.59,10.0,8.8,11.2,10.5
1751846400,133001,41,83,951.73,3.7,3.3,4.2,4.0
1751932800,133001,30,80,955.81,0.4,0.4,0.5,0.5
1752019200,133001,23,81,963.73,0.1,0.1,0.2,0.2
1752105600,133001,27,84,964.27,0.1,0.0,0.1,0.1
1752192000,133001,31,85,961.8,2.6,2.2,3.1,3.0
1752278400,133001,41,82,961.21,4.6,4.0,5.1,4.8
1752364800,133001,52,79,962.99,9.6,8.6,10.6,10.0
1752451200,133001,47,84,965.67,14.1,13.0,15.2,14.6
1752537600,133001,41,90,963.81,9.4,8.2,10.6,9.9
1752624000,133001,27,92,960.0,6.5,5.7,7.3,6.9
1752710400,133001,33,91,959.03,8.7,7.9,9.5,9.2
1752796800,133001,36,88,960.94,7.0,6.6,7.3,7.5
1752883200,133001,46,84,960.08,19.5,18.6,20.4,20.9
1752969600,133001,51,83,956.96,9.9,8.9,10.8,10.6
1753056000,133001,45,84,954.87,2.2,1.9,2.5,2.4
1753142400,133001,34,89,958.41,0.7,0.6,0.8,0.8
1753228800,133001,48,83,959.38,1.6,1.3,1.9,1.9
1753315200,133001,54,79,958.3,5.4,4.6,6.3,5.8
1753401600,133001,54,74,961.28,0.3,0.2,0.3,0.3
1753488000,133001,49,76,959.43,0.7,0.5,0.9,0.8
1753574400,133001,36,85,957.12,0.7,0.6,0.9,0.8
1753660800,133001,32,83,955.99,0.0,0.0,0.0,0.0
1753747200,133001,26,85,960.77,0.0,0.0,0.0,0.1
1753833600,133001,39,80,963.38,0.4,0.3,0.5,0.5
1754006400,133001,48,80,959.78,213.6,4.0,423.2,213.9
1754092800,133001,54,75,957.95,76.3,12.7,140.0,77.2
1754179200,133001,33,83,962.84,1302.7,4.2,2601.1,1302.8
1754265600,133001,34,84,966.39,1097.9,0.3,2195.5,1098.0
1754352000,133001,38,87,966.11,2.9,2.5,3.3,3.1
1754438400,133001,44,84,966.96,5.9,5.3,6.5,6.2
1754524800,133001,44,84,968.02,4.5,4.1,4.9,4.7
1754611200,133001,40,90,968.17,14.1,12.8,15.4,14.8
1754697600,133001,37,93,968.26,18.6,17.5,19.6,19.1
1754784000,133001,38,95,967.49,23.1,22.1,24.1,23.6
1754870400,133001,36,95,966.72,23.2,22.3,24.2,23.8
1754956800,133001,37,94,965.37,25.5,24.4,26.5,26.3
1755043200,133001,40,94,964.98,29.3,28.4,30.2,31.1
1755129600,133001,36,95,965.09,23.3,22.3,24.4,24.7
1755216000,133001,31,95,966.14,11.8,10.6,12.9,12.8
1755302400,133001,32,94,963.52,11.6,10.7,12.5,12.6
1755388800,133001,31,93,960.38,7.8,7.2,8.3,8.2
1755475200,133001,39,89,962.5,15.7,14.4,16.9,16.6
1755561600,133001,48,84,961.46,18.3,16.9,19.6,19.3
1755648000,133001,61,74,957.46,16.2,14.9,17.5,17.1
1755734400,133001,51,78,954.78,5.6,4.9,6.4,6.1
1755820800,133001,37,85,958.42,0.8,0.6,1.0,1.0
1755907200,133001,44,83,960.5,9.8,8.8,10.9,10.4
1755993600,133001,55,74,964.03,14.0,12.9,15.0,15.3
1756080000,133001,46,79,965.28,6.3,5.6,7.0,6.6
1756166400,133001,41,85,963.22,10.7,9.4,12.0,11.3
1756252800,133001,55,78,962.5,22.5,21.1,23.9,24.1
1756339200,133001,66,73,956.43,10.1,9.4,10.8,12.0
1756425600,133001,54,76,953.16,3.3,2.6,4.0,3.7
1756512000,133001,40,79,957.06,0.0,0.0,0.0,0.0
1756684800,133001,61,71,960.22,2.1,1.7,2.6,2.4
1756771200,133001,54,74,959.01,7.1,6.2,8.1,7.6
1756857600,133001,46,80,963.15,2.2,1.9,2.6,2.4
1756944000,133001,51,76,963.5,1.9,1.6,2.3,2.2
1757030400,133001,44,81,964.5,2.3,1.9,2.6,2.5
1757116800,133001,33,80,968.16,0.0,0.0,0.0,0.0
1757203200,133001,37,82,966.68,0.9,0.6,1.1,1.0
1757289600,133001,47,77,963.08,5.8,5.1,6.5,6.2
1757376000,133001,50,78,960.41,21.4,20.0,22.8,23.2
1757462400,133001,57,73,956.58,5.1,4.5,5.7,5.4
1757548800,133001,51,77,959.98,9.5,8.5,10.5,10.1
1757635200,133001,47,79,964.44,1.4,1.1,1.7,1.7
1757721600,133001,58,73,966.25,8.5,7.6,9.5,9.1
1757808000,133001,51,76,964.93,15.4,14.4,16.4,16.6
1757894400,133001,52,78,967.05,3.0,2.5,3.5,3.3
1757980800,133001,48,81,964.56,8.1,7.1,9.2,8.7
1758067200,133001,50,76,968.34,9.7,8.5,10.9,10.3
1758153600,133001,47,80,972.99,13.6,11.8,15.4,14.5
1758240000,133001,44,83,974.42,18.8,17.2,20.3,19.6
1758326400,133001,45,83,970.87,24.7,23.3,26.1,25.8
1758412800,133001,50,80,963.55,25.5,24.3,26.7,30.1
1758499200,133001,64,70,959.44,2.8,2.4,3.2,3.1
1758585600,133001,52,72,960.14,7.9,7.1,8.7,8.8
1758672000,133001,52,65,960.88,2.0,1.8,2.3,2.2
1758758400,133001,45,67,963.1,0.3,0.2,0.3,0.3
1758844800,133001,59,61,965.74,6.3,5.6,7.1,6.8
1758931200,133001,57,62,966.64,3.7,3.1,4.2,4.1
1759017600,133001,43,69,965.98,1.1,1.0,1.3,1.3
1759104000,133001,40,71,965.1,1.5,1.2,1.7,1.6
1759276800,133001,52,65,967.89,16.8,15.7,18.0,19.1
1759363200,133001,39,67,969.44,3.3,2.9,3.7,3.6
1759449600,133001,43,64,967.27,17.1,16.3,18.0,18.2
1759536000,133001,49,62,961.2,30.0,28.9,31.0,34.1
1759622400,133001,32,69,960.39,4.2,3.9,4.5,4.6
1759708800,133001,33,68,967.02,1.8,1.6,2.0,2.1
1759795200,133001,30,72,967.61,4.6,4.1,5.1,5.2
1759881600,133001,42,70,967.17,37.2,36.1,38.3,44.9
1759968000,133001,45,70,967.96,52.2,50.4,54.1,63.6
1760054400,133001,46,72,973.45,58.4,56.0,60.9,69.0
1760140800,133001,48,72,974.58,57.5,55.1,59.8,67.1
1760227200,133001,51,70,971.73,64.9,62.1,67.8,73.0
1760313600,133001,52,69,968.65,47.5,45.9,49.1,58.6
1760400000,133001,55,67,968.0,58.1,55.1,61.0,69.4
1760486400,133001,52,66,968.2,41.2,39.5,43.0,49.5
1760572800,133001,49,66,967.01,26.9,25.6,28.3,30.0
1760659200,133001,46,65,966.32,22.5,21.3,23.8,23.9
1760745600,133001,43,66,968.49,31.7,30.7,32.8,35.8
1760832000,133001,42,65,967.34,29.6,28.4,30.8,32.7
1760918400,133001,54,60,959.79,42.2,41.1,43.3,51.2
1761004800,133001,54,61,955.06,43.0,41.9,44.1,52.9
1761091200,133001,51,64,954.84,34.8,33.6,36.0,40.6
1761177600,133001,46,62,948.11,23.9,23.1,24.6,29.0
1761264000,133001,22,67,953.93,0.0,0.0,0.1,0.1
1761350400,133001,34,63,954.78,6.8,6.2,7.4,7.7
1761436800,133001,34,61,953.38,9.2,8.5,9.9,10.2
1761523200,133001,26,63,955.16,4.0,3.8,4.1,4.7
1761609600,133001,40,65,961.47,2.3,2.0,2.6,2.6
1761696000,133001,53,62,963.07,39.8,38.2,41.4,47.4
1761782400,133001,56,61,961.38,17.8,16.7,18.9,20.5
1761955200,133001,58,65,966.85,29.0,27.6,30.5,33.9
1762041600,133001,58,63,961.44,43.0,41.4,44.6,52.7
1762128000,133001,29,66,966.7,1.4,1.3,1.5,1.6
1762214400,133001,39,63,972.5,14.2,13.4,15.1,15.6
1762300800,133001,41,62,969.41,34.3,33.5,35.2,38.2
1762387200,133001,41,60,963.01,37.1,36.5,37.8,43.9
1762473600,133001,43,58,960.48,33.7,33.1,34.4,39.2
1762560000,133001,48,57,960.32,46.6,46.3,46.9,58.1
1762646400,133001,48,57,963.74,50.6,50.1,51.2,63.1
1762732800,133001,44,59,962.68,49.5,48.8,50.2,62.0
1762819200,133001,42,62,964.9,47.3,46.4,48.2,57.5
1762905600,133001,48,61,968.92,41.0,40.0,42.0,49.6
1762992000,133001,45,63,970.38,45.2,44.1,46.2,55.2
1763078400,133001,47,61,967.39,42.4,41.3,43.5,51.6
1763164800,133001,59,58,962.98,51.5,49.5,53.5,60.3
1763251200,133001,62,58,958.07,42.0,40.7,43.3,51.0
1763337600,133001,56,60,952.75,19.4,18.2,20.5,20.7
1763424000,133001,45,54,961.55,5.6,5.4,5.8,6.3
1763510400,133001,49,52,958.5,17.3,17.2,17.4,19.0
1763596800,133001,48,51,953.77,37.5,38.0,37.0,45.2
1763683200,133001,43,47,956.0,7.6,7.6,7.5,8.4
1763769600,133001,33,50,962.4,5.3,5.3,5.4,5.8
1763856000,133001,44,46,962.76,31.1,31.8,30.4,37.0
1763942400,133001,51,45,954.17,42.5,43.7,41.3,52.1
1764028800,133001,38,50,947.72,27.2,27.5,26.9,32.8
1764115200,133001,22,57,955.44,0.3,0.3,0.4,0.4
1764201600,133001,25,54,963.73,4.1,4.0,4.2,4.5
1764288000,133001,33,51,964.49,21.9,22.1,21.7,24.2
1764374400,133001,31,53,960.86,37.3,37.8,36.9,44.0
1764547200,133001,49,52,964.99,34.0,34.5,33.5,40.7
1764633600,133001,56,52,963.75,42.9,43.3,42.5,52.2
1764720000,133001,57,53,960.69,28.7,28.6,28.8,33.5
1764806400,133001,58,53,955.91,20.3,20.0,20.6,22.3
1764892800,133001,52,55,955.78,17.6,17.2,17.9,19.1
1764979200,133001,48,53,960.4,19.6,19.3,19.9,21.3
1765065600,133001,47,53,963.04,27.2,27.1,27.3,31.4
1765152000,133001,41,56,967.71,16.8,16.5,17.2,18.6
1765238400,133001,44,56,970.31,31.1,30.8,31.4,36.5
1765324800,133001,45,56,970.28,45.4,45.4,45.5,55.8
1765411200,133001,49,55,970.31,43.4,43.2,43.6,52.8
1765497600,133001,49,56,970.76,33.7,33.4,34.1,38.9
1765584000,133001,42,57,972.51,13.8,13.3,14.4,14.9
1765670400,133001,39,56,972.29,18.5,18.1,18.9,21.0
1765756800,133001,44,53,971.01,43.1,43.6,42.6,51.3
1765843200,133001,59,49,967.84,18.7,19.0,18.4,21.3
1765929600,133001,59,55,969.26,14.0,13.5,14.5,15.4
1766016000,133001,58,54,974.38,37.7,37.3,38.1,44.2
1766102400,133001,54,56,972.46,37.4,36.9,37.8,44.4
1766188800,133001,59,53,966.02,41.6,41.9,41.4,51.3
1766275200,133001,60,53,962.41,30.0,30.0,30.0,36.1
1766361600,133001,60,51,961.32,27.0,27.1,26.9,30.1
1766448000,133001,60,52,958.83,7.7,7.5,7.9,8.6
1766534400,133001,60,50,956.94,6.5,6.5,6.5,7.3
1766620800,133001,59,46,968.62,3.7,3.8,3.7,4.1
1766707200,133001,54,48,973.12,7.5,7.6,7.4,8.4
1766793600,133001,45,52,972.83,8.6,8.4,8.8,9.7
1766880000,133001,34,55,966.52,6.7,6.6,6.7,7.2
1766966400,133001,35,53,964.81,11.5,11.3,11.7,12.7
1767052800,133001,44,51,960.37,26.9,27.8,25.9,32.4
